Name,Team,G,PA,AB,H,2B,3B,HR,R,RBI,BB,SO,HBP,SB,CS,AVG,OBP,SLG,OPS,wOBA,Fld,BsR,WAR,playerid
Mike Trout,Angels,159,686,538,159,30,3,45,124,115,128,140,13,17,4,0.296,0.439,0.614,1.053,0.427,-0.9,3.4,9.1,10155
Alex Bregman,Astros,152,658,548,158,38,2,33,107,105,95,86,9,8,3,0.287,0.398,0.546,0.943,0.393,-0.3,0.3,6.6,17678
Cody Bellinger,Dodgers,152,658,560,162,32,4,42,107,121,90,125,4,14,4,0.29,0.389,0.585,0.973,0.394,3.4,1.5,6.5,15998
Francisco Lindor,Indians,154,665,595,172,38,2,33,107,89,56,95,5,21,6,0.289,0.353,0.527,0.88,0.362,8.4,1,5.8,12916
Christian Yelich,Brewers,154,665,568,172,35,4,36,108,106,83,137,7,24,5,0.304,0.397,0.569,0.966,0.397,0.8,4,5.7,11477
Matt Chapman,Athletics,156,672,589,148,36,4,35,98,98,69,165,9,3,2,0.252,0.337,0.505,0.843,0.351,11.7,0.7,5.7,16505
Anthony Rendon,Angels,154,665,573,161,38,2,28,96,103,75,99,9,5,2,0.28,0.368,0.503,0.872,0.363,4.9,0.7,5.5,12861
Aaron Judge,Yankees,149,644,534,137,23,1,40,103,99,98,201,6,6,3,0.257,0.375,0.531,0.906,0.376,10.2,0.1,5.5,15640
Mookie Betts,Dodgers,154,665,575,165,37,4,31,114,88,77,95,5,18,4,0.287,0.373,0.53,0.903,0.374,6.5,4.2,5.4,13611
Juan Soto,Nationals,156,672,555,163,32,4,36,108,118,109,127,3,10,3,0.294,0.41,0.561,0.971,0.402,-1.5,0.6,5.4,20123
Jose Ramirez,Indians,152,658,575,161,41,4,31,98,104,72,85,5,27,7,0.28,0.361,0.525,0.887,0.367,3.5,4.4,5.4,13510
Carlos Correa,Astros,149,644,559,152,32,2,32,90,111,73,144,4,3,1,0.271,0.356,0.506,0.862,0.359,-0.6,0.7,5.1,14162
Yasmani Grandal,White Sox,136,544,452,107,20,1,25,69,71,84,132,3,3,2,0.237,0.358,0.455,0.813,0.346,5.7,-2.6,5.1,11368
Nolan Arenado,Rockies,157,679,601,179,37,3,40,103,121,68,108,4,3,2,0.297,0.369,0.57,0.938,0.383,7.5,0.2,5.1,9777
George Springer,Astros,149,644,556,152,26,2,34,106,93,73,130,8,7,4,0.273,0.364,0.51,0.873,0.366,-0.3,0.1,4.9,12856
Josh Donaldson,Twins,147,637,531,138,29,1,33,94,98,95,149,6,4,2,0.26,0.376,0.504,0.88,0.37,2,-0.4,4.9,5038
Ronald Acuna Jr.,Braves,154,665,583,166,28,3,37,110,96,69,162,7,31,10,0.284,0.366,0.531,0.897,0.373,2.1,3.3,4.8,18401
Marcus Semien,Athletics,156,672,593,161,35,4,26,96,81,69,109,2,12,5,0.272,0.347,0.476,0.823,0.346,-0.5,0.8,4.7,12533
Xander Bogaerts,Red Sox,154,665,588,170,41,2,26,97,100,66,117,5,7,2,0.29,0.364,0.499,0.863,0.362,-3.8,1.4,4.6,12161
Kris Bryant,Cubs,151,651,553,151,33,3,31,99,85,76,145,16,5,2,0.272,0.373,0.507,0.88,0.369,-1.7,1.9,4.5,15429
Jose Altuve,Astros,152,658,590,177,32,3,25,98,88,54,94,7,15,5,0.3,0.363,0.494,0.858,0.36,-3.3,-0.3,4.5,5417
Ozzie Albies,Braves,154,665,607,176,39,7,25,98,84,48,101,5,15,4,0.29,0.344,0.502,0.847,0.352,5.7,2.7,4.4,16556
J.T. Realmuto,Phillies,139,552,501,137,30,3,24,75,80,39,112,7,7,2,0.273,0.331,0.488,0.819,0.341,5.6,1.8,4.4,11739
Freddie Freeman,Braves,156,672,578,171,38,3,33,101,109,82,128,7,7,3,0.296,0.387,0.543,0.931,0.383,3.4,0.3,4.4,5361
Gleyber Torres,Yankees,152,658,589,165,28,1,40,96,113,56,136,5,7,3,0.279,0.344,0.534,0.878,0.362,-7.9,0,4.4,16997
Rafael Devers,Red Sox,149,644,588,174,42,3,32,101,104,47,114,3,9,5,0.296,0.35,0.539,0.889,0.366,-1.9,0.6,4.3,17350
Ketel Marte,Diamondbacks,156,672,605,178,35,9,24,92,84,57,93,4,10,3,0.295,0.357,0.499,0.856,0.357,1.3,1.2,4.3,13613
Manny Machado,Padres,157,679,607,164,30,2,36,90,102,63,122,4,7,3,0.271,0.34,0.505,0.845,0.349,4.5,-0.5,4.3,11493
Bryce Harper,Phillies,154,665,545,141,30,1,39,103,110,109,170,5,13,4,0.259,0.384,0.533,0.917,0.377,-0.5,0.7,4.2,11579
Trevor Story,Rockies,154,665,597,165,37,5,37,100,103,57,181,6,21,7,0.277,0.344,0.541,0.884,0.365,3.1,1.6,4.2,12564
Yoan Moncada,White Sox,151,651,581,157,30,4,27,90,84,59,180,5,13,5,0.271,0.341,0.479,0.82,0.344,1.7,1.7,4.1,17232
Anthony Rizzo,Cubs,156,672,567,161,33,3,31,94,106,78,95,22,6,4,0.284,0.388,0.516,0.904,0.378,4.2,-2.2,4.1,3473
Corey Seager,Dodgers,141,609,545,152,38,2,22,83,88,53,114,5,2,1,0.279,0.345,0.475,0.82,0.343,2.1,1.1,4,13624
Trea Turner,Nationals,152,658,594,170,34,6,21,100,72,53,127,4,42,8,0.286,0.347,0.469,0.816,0.344,-1.3,5.8,3.9,16252
Fernando Tatis Jr.,Padres,149,644,577,157,25,8,30,94,85,52,177,8,24,9,0.273,0.34,0.498,0.838,0.349,-3.7,1.7,3.9,19709
Justin Turner,Dodgers,139,602,525,149,31,1,24,82,82,56,93,15,3,1,0.283,0.365,0.485,0.85,0.358,-1.1,-0.6,3.8,5235
Jeff McNeil,Mets,147,637,575,167,35,4,20,85,75,40,83,16,8,4,0.291,0.351,0.472,0.823,0.347,0.9,0.5,3.8,15362
Matt Olson,Athletics,152,658,575,146,31,0,39,92,108,69,167,9,1,0,0.254,0.341,0.514,0.855,0.354,6.7,-0.5,3.7,14344
Bo Bichette,Blue Jays,146,630,574,158,37,4,22,87,82,46,117,3,28,11,0.276,0.332,0.468,0.8,0.336,0.2,0.9,3.7,19612
Yordan Alvarez,Astros,138,595,516,145,30,1,37,91,109,70,146,3,4,2,0.282,0.368,0.56,0.928,0.379,0,-0.3,3.7,19556
Javier Baez,Cubs,154,665,621,170,36,5,34,93,107,34,177,4,15,7,0.273,0.313,0.512,0.825,0.338,1.1,1.2,3.7,12979
Giancarlo Stanton,Yankees,134,581,505,133,24,1,45,92,114,64,175,6,2,1,0.262,0.349,0.58,0.93,0.378,0.1,-0.2,3.6,4949
Joey Gallo,Rangers,149,644,534,121,24,2,49,102,108,98,237,8,8,3,0.227,0.354,0.554,0.908,0.372,-0.3,1.9,3.6,14128
Pete Alonso,Mets,154,665,577,146,28,2,45,95,110,68,171,16,1,1,0.253,0.345,0.543,0.888,0.365,1.2,-0.8,3.6,19251
Max Kepler,Twins,144,623,545,140,33,2,30,91,88,65,108,7,4,3,0.257,0.34,0.49,0.83,0.348,7.5,0.3,3.6,12144
Paul DeJong,Cardinals,154,665,595,149,32,1,30,87,91,53,161,11,7,3,0.251,0.321,0.46,0.781,0.328,3.9,0.5,3.5,18015
DJ LeMahieu,Yankees,154,665,602,174,30,2,18,95,75,50,96,4,6,3,0.289,0.345,0.438,0.783,0.333,5.1,-0.8,3.5,9874
Ramon Laureano,Athletics,141,609,546,142,32,2,25,81,78,46,159,10,17,5,0.261,0.326,0.464,0.789,0.332,2.1,2.4,3.5,17128
Andrelton Simmons,Angels,146,630,582,161,30,2,12,71,70,39,57,4,12,4,0.277,0.324,0.395,0.719,0.307,12.6,0.2,3.5,10847
J.D. Martinez,Red Sox,152,658,580,172,35,2,38,99,115,69,153,4,3,1,0.297,0.372,0.562,0.934,0.382,0,-2.4,3.4,6184
Vladimir Guerrero Jr.,Blue Jays,143,616,551,160,33,2,26,80,94,55,97,5,3,2,0.29,0.356,0.5,0.856,0.358,-3.4,-1.6,3.3,19611
Buster Posey,Giants,125,498,445,122,25,1,9,53,51,45,71,5,2,1,0.273,0.344,0.397,0.741,0.318,8,-1.8,3.3,9166
Eugenio Suarez,Reds,151,651,565,145,25,2,37,87,104,71,172,9,4,2,0.257,0.347,0.504,0.851,0.354,-0.7,-1.7,3.3,12552
Michael Conforto,Mets,139,602,510,129,27,1,31,82,90,78,145,9,6,3,0.254,0.359,0.491,0.851,0.356,0.6,0.6,3.3,16376
Byron Buxton,Twins,136,588,534,136,33,5,20,80,76,40,157,6,25,5,0.254,0.311,0.45,0.761,0.319,8.2,4.6,3.2,14161
Paul Goldschmidt,Cardinals,157,679,582,156,29,2,30,94,94,86,166,6,7,3,0.267,0.365,0.48,0.845,0.355,2.5,1,3.2,9218
Tommy Pham,Padres,146,630,541,147,27,3,23,90,71,77,135,7,20,6,0.271,0.367,0.462,0.829,0.352,1.4,1.5,3.2,2967
Brian Anderson,Marlins,154,665,586,153,34,3,20,79,77,59,143,14,5,2,0.26,0.34,0.431,0.771,0.329,4,0,3.1,18289
Jorge Polanco,Twins,152,658,591,166,35,6,19,88,82,54,109,4,7,4,0.281,0.343,0.457,0.8,0.337,-6.6,0.4,3.1,13152
Austin Meadows,Rays,138,595,535,145,30,5,27,80,83,49,124,6,14,6,0.27,0.336,0.495,0.831,0.344,1.4,0.4,3,15672
Marcell Ozuna,Braves,147,637,574,160,29,2,31,85,107,57,130,3,8,3,0.278,0.344,0.499,0.844,0.352,2.5,0.5,2.9,10324
Max Muncy,Dodgers,136,588,491,122,22,1,31,86,92,85,151,7,4,1,0.249,0.364,0.487,0.851,0.358,-0.8,1,2.9,13301
Miguel Sano,Twins,139,602,522,127,24,2,41,91,107,72,218,4,1,1,0.243,0.337,0.533,0.869,0.359,1,-1.5,2.9,12164
Luis Robert,White Sox,139,602,557,150,25,7,25,75,78,28,161,10,25,10,0.269,0.313,0.471,0.785,0.328,2.3,0.7,2.9,sa3003396
Rhys Hoskins,Phillies,151,651,540,130,28,3,35,91,101,96,159,9,4,2,0.242,0.362,0.496,0.858,0.359,1.6,0.1,2.8,16472
Nelson Cruz,Twins,144,623,547,152,26,0,40,88,117,61,151,11,1,1,0.277,0.358,0.545,0.903,0.371,0,-3,2.8,2434
Kolten Wong,Cardinals,141,609,531,142,28,4,13,67,63,53,93,15,19,6,0.268,0.349,0.408,0.758,0.324,3.8,2.4,2.8,12532
Kyle Schwarber,Cubs,138,595,509,127,23,3,36,85,92,76,162,5,3,2,0.249,0.35,0.518,0.868,0.357,0.2,-0.1,2.8,16478
Starling Marte,Diamondbacks,149,644,593,169,31,6,22,90,83,32,117,14,28,9,0.285,0.334,0.471,0.804,0.337,-1.7,1.7,2.8,9241
Christian Vazquez,Red Sox,115,456,421,111,22,1,13,53,52,27,83,3,5,2,0.263,0.31,0.417,0.727,0.307,5.5,-1.1,2.7,9774
Eloy Jimenez,White Sox,141,609,562,158,27,3,35,82,99,38,137,5,1,0,0.281,0.329,0.526,0.855,0.353,-5.2,0.5,2.7,17484
Didi Gregorius,Phillies,141,609,563,151,28,4,27,79,92,34,84,5,5,2,0.268,0.313,0.474,0.787,0.327,0.6,1.1,2.7,6012
Victor Robles,Nationals,156,672,599,158,34,4,18,84,77,43,140,20,31,12,0.264,0.331,0.427,0.758,0.322,6.5,1.6,2.6,18363
Shohei Ohtani,Angels,128,553,495,139,27,4,28,78,91,50,147,4,13,5,0.281,0.349,0.522,0.87,0.361,0,0.9,2.6,19755
Eduardo Escobar,Diamondbacks,152,658,598,158,33,7,27,81,97,48,127,5,4,2,0.264,0.321,0.476,0.797,0.33,1.1,0.4,2.6,6153
Gary Sanchez,Yankees,115,456,403,98,17,1,31,65,84,43,120,7,1,1,0.243,0.324,0.52,0.844,0.348,-4.5,-0.5,2.5,11442
Adalberto Mondesi,Royals,149,644,599,151,29,10,19,81,79,31,178,3,51,12,0.252,0.289,0.427,0.716,0.299,4.7,6.1,2.5,13769
Mark Canha,Athletics,141,609,525,130,28,3,27,82,79,62,142,16,4,2,0.247,0.343,0.464,0.807,0.341,-1.6,-0.4,2.5,11445
Lorenzo Cain,Brewers,141,609,544,150,27,2,13,77,53,53,104,6,18,6,0.277,0.345,0.402,0.748,0.322,6.4,1.1,2.5,9077
Michael Brantley,Astros,141,609,551,160,33,2,18,81,81,47,67,5,6,2,0.291,0.349,0.456,0.805,0.34,-0.2,0.1,2.5,4106
Jorge Soler,Royals,151,651,563,144,29,1,37,87,96,75,178,8,4,1,0.257,0.35,0.507,0.857,0.358,-0.1,-0.4,2.5,14221
Luis Arraez,Twins,130,560,505,157,28,2,6,70,49,47,44,2,5,3,0.311,0.37,0.409,0.779,0.336,-2.2,0.3,2.5,18568
Keston Hiura,Brewers,144,623,564,153,34,4,29,83,91,43,163,12,15,7,0.271,0.333,0.497,0.83,0.346,-6,0.1,2.5,20003
Brandon Lowe,Rays,134,581,519,127,28,3,23,71,76,51,166,6,7,3,0.245,0.319,0.444,0.763,0.322,0,1.3,2.5,18882
Kyle Seager,Mariners,141,609,547,135,30,1,26,70,83,51,122,6,3,2,0.246,0.315,0.446,0.761,0.32,1.2,-0.9,2.5,9785
Carlos Santana,Indians,154,665,557,143,30,2,28,91,93,99,104,4,3,1,0.257,0.37,0.469,0.839,0.353,0.5,-0.3,2.5,2396
Willy Adames,Rays,147,637,572,145,25,3,19,73,68,55,161,3,7,4,0.253,0.32,0.408,0.728,0.31,-0.5,0.6,2.5,15986
Joc Pederson,Dodgers,100,434,377,95,20,2,26,66,67,46,94,7,2,2,0.253,0.343,0.525,0.868,0.359,1.6,0,2.5,11899
Andrew Benintendi,Red Sox,149,644,565,153,38,5,17,86,78,65,126,5,13,4,0.271,0.349,0.445,0.795,0.337,2.8,1.3,2.4,17901
Alex Verdugo,Red Sox,125,539,487,144,31,3,15,67,66,43,72,3,7,3,0.296,0.354,0.461,0.814,0.344,3.8,0.5,2.4,17027
Eddie Rosario,Twins,146,630,593,168,34,2,29,89,101,30,104,1,6,3,0.284,0.316,0.495,0.811,0.335,0.4,1.5,2.3,12155
Roberto Perez,Indians,97,384,334,72,13,1,15,39,50,39,113,3,1,0,0.216,0.301,0.394,0.695,0.297,7.1,-0.7,2.3,2900
Adam Eaton,Nationals,143,616,536,152,27,6,13,86,57,59,104,12,13,4,0.284,0.365,0.428,0.794,0.342,2.1,2,2.3,11205
Mike Moustakas,Reds,146,630,568,149,30,1,37,82,102,51,108,6,3,1,0.263,0.328,0.513,0.84,0.346,-5.9,-1.6,2.3,4892
Whit Merrifield,Royals,156,672,615,175,37,6,14,87,63,44,112,5,23,8,0.285,0.335,0.43,0.766,0.324,-1.6,2,2.3,11281
Amed Rosario,Mets,152,658,613,168,30,8,15,76,69,34,120,4,21,10,0.275,0.315,0.423,0.738,0.311,-2,1.1,2.2,15518
Will Smith,Dodgers,105,416,366,84,16,1,21,53,65,40,109,6,3,1,0.23,0.312,0.456,0.767,0.322,0.9,0.2,2.2,19197
Matt Carpenter,Cardinals,123,532,445,106,26,2,20,72,59,75,132,6,4,1,0.238,0.353,0.443,0.796,0.338,-3.9,0,2.2,8090
Nick Ahmed,Diamondbacks,149,644,582,146,33,5,19,72,80,49,121,4,8,3,0.25,0.309,0.424,0.733,0.308,5.1,0.4,2.2,12147
Kevin Kiermaier,Rays,113,490,445,107,20,6,14,59,54,34,111,6,16,6,0.241,0.302,0.411,0.713,0.301,8,2,2.2,11038
Jonathan Villar,Marlins,151,651,582,151,27,3,17,81,61,58,164,4,37,10,0.259,0.328,0.406,0.734,0.315,-2.4,3.4,2.2,10071
J.P. Crawford,Mariners,149,644,560,130,26,4,14,71,62,71,141,6,8,4,0.232,0.323,0.367,0.691,0.301,0.8,0.4,2.1,15491
Gavin Lux,Dodgers,130,560,506,135,24,6,19,70,71,47,121,2,9,5,0.267,0.33,0.447,0.777,0.328,-1.4,-0.2,2.1,19955
Carson Kelly,Diamondbacks,107,422,365,91,19,0,15,49,50,49,81,4,1,0,0.249,0.342,0.424,0.767,0.323,1.4,-0.3,2.1,13620
Josh Bell,Pirates,154,665,573,156,34,4,30,89,104,82,125,4,2,2,0.272,0.364,0.501,0.865,0.359,-5.2,-2.4,2.1,13145
Trent Grisham,Padres,118,511,439,107,19,5,18,65,56,62,109,4,9,4,0.243,0.339,0.429,0.768,0.327,2.4,0.3,2.1,18564
Jean Segura,Phillies,134,581,537,155,30,3,14,76,59,31,72,6,14,5,0.289,0.334,0.433,0.767,0.325,0.2,1.2,2.1,5933
Joey Votto,Reds,151,651,544,148,30,1,20,85,72,95,120,6,4,1,0.272,0.383,0.443,0.826,0.353,1.7,-2.7,2.1,4314
Tim Anderson,White Sox,152,658,623,171,32,2,22,84,75,24,150,4,19,6,0.275,0.305,0.442,0.746,0.313,-7.2,1.5,2.1,15172
Andrew McCutchen,Phillies,131,567,483,124,23,2,25,80,72,74,126,5,7,4,0.257,0.358,0.469,0.828,0.35,-1.2,-1.1,2.1,9847
Cavan Biggio,Blue Jays,138,595,503,115,22,3,20,76,67,82,162,4,13,5,0.228,0.339,0.403,0.741,0.32,1.9,1.3,2,19252
Giovanny Urshela,Yankees,131,567,528,145,29,0,20,70,76,28,101,5,2,1,0.275,0.315,0.445,0.76,0.319,0.9,-1.2,2,10681
Jackie Bradley Jr.,Red Sox,138,595,521,124,30,4,21,75,72,56,155,11,10,4,0.238,0.323,0.428,0.75,0.318,1.4,1.2,1.9,12984
Mitch Garver,Twins,97,384,338,85,18,1,17,54,57,39,94,3,1,0,0.251,0.333,0.468,0.801,0.337,-3.4,-0.3,1.9,15161
David Peralta,Diamondbacks,138,595,538,149,31,4,20,74,75,46,118,6,3,1,0.277,0.339,0.462,0.801,0.336,2.4,0,1.9,2136
Danny Jansen,Blue Jays,84,333,294,71,15,1,10,39,40,29,61,6,2,1,0.241,0.319,0.405,0.724,0.31,0.7,0.1,1.9,16535
Trey Mancini,Orioles,152,658,592,161,31,3,31,86,92,53,150,7,1,0,0.273,0.338,0.491,0.828,0.346,-5.1,-0.3,1.9,15149
Adam Frazier,Pirates,130,560,504,140,29,5,10,68,53,42,73,7,7,5,0.278,0.34,0.416,0.756,0.322,0.6,-0.1,1.9,15223
Kyle Tucker,Astros,99,427,384,98,20,2,20,62,64,35,98,4,17,5,0.256,0.322,0.471,0.793,0.331,2.6,1.3,1.9,18345
Jason Castro,Angels,97,384,334,72,15,1,13,44,41,42,121,4,1,0,0.216,0.309,0.384,0.692,0.299,1.8,-0.8,1.9,8722
Brandon Nimmo,Mets,115,497,409,96,21,4,15,64,51,73,134,11,6,3,0.234,0.362,0.41,0.771,0.334,-4.6,0.5,1.9,12927
Yadier Molina,Cardinals,110,435,401,104,20,0,12,44,54,23,65,6,5,1,0.261,0.307,0.403,0.71,0.301,4.6,-1.8,1.9,7007
Dansby Swanson,Braves,146,630,561,142,30,4,17,75,73,58,142,4,10,5,0.252,0.324,0.413,0.737,0.311,0.1,1.3,1.8,18314
Sean Murphy,Athletics,97,384,346,84,19,1,14,46,46,29,86,5,2,1,0.244,0.307,0.424,0.732,0.309,1.9,0.4,1.8,19352
Edwin Encarnacion,White Sox,130,560,481,117,18,0,34,81,95,66,127,8,1,1,0.243,0.341,0.494,0.835,0.349,0,-2.3,1.8,2151
Yandy Diaz,Rays,122,525,457,123,23,2,10,65,50,61,102,3,4,2,0.27,0.356,0.396,0.752,0.326,-1.1,-0.4,1.8,16578
Jurickson Profar,Padres,125,539,474,116,26,3,17,65,62,52,81,9,8,2,0.246,0.329,0.422,0.75,0.32,-0.2,0.9,1.8,10815
Mike Zunino,Rays,107,422,379,77,17,0,19,45,54,33,144,6,1,0,0.204,0.276,0.397,0.673,0.285,1.7,-0.4,1.8,13265
Jonathan Schoop,Tigers,136,588,546,143,29,1,27,74,80,27,132,9,2,1,0.262,0.305,0.471,0.776,0.323,-3,-0.9,1.7,11265
Carter Kieboom,Nationals,123,532,470,121,24,2,15,63,61,51,122,5,5,2,0.257,0.335,0.415,0.749,0.32,2.9,0.2,1.7,19958
Brandon Belt,Giants,126,546,464,114,28,3,17,66,59,73,122,4,4,2,0.246,0.351,0.426,0.777,0.332,4.9,-0.3,1.7,10264
Luis Urias,Brewers,117,504,441,111,22,4,13,59,60,48,106,9,5,2,0.251,0.336,0.405,0.741,0.319,0.4,-0.1,1.7,16622
Justin Upton,Angels,144,623,547,130,25,1,32,82,96,66,189,5,6,2,0.237,0.323,0.461,0.783,0.329,-2.7,0.5,1.7,5222
Brett Gardner,Yankees,118,511,450,111,19,4,16,70,55,50,99,5,11,3,0.247,0.327,0.418,0.745,0.318,-1.6,2,1.7,9927
Charlie Blackmon,Rockies,143,616,556,165,31,6,27,99,76,45,111,8,7,4,0.296,0.356,0.52,0.876,0.364,-3.5,-0.6,1.7,7859
Jacob Stallings,Pirates,86,339,309,80,19,0,7,34,35,21,64,5,1,1,0.259,0.313,0.387,0.7,0.297,2.8,-0.2,1.7,13723
Cesar Hernandez,Indians,133,574,508,138,23,3,11,69,54,56,100,4,10,4,0.272,0.347,0.393,0.74,0.319,-0.7,0.4,1.7,10556
C.J. Cron,Tigers,128,553,501,132,27,1,29,67,82,35,120,12,1,1,0.263,0.322,0.494,0.816,0.339,1.6,-1.3,1.6,12546
Salvador Perez,Royals,136,547,514,129,26,1,27,61,80,20,111,9,2,0,0.25,0.287,0.462,0.749,0.31,6.4,-2,1.6,7304
Jason Heyward,Cubs,122,525,463,119,22,4,14,63,60,53,87,4,6,3,0.257,0.337,0.411,0.748,0.32,5.8,0.9,1.6,4940
Nick Madrigal,White Sox,110,476,435,123,22,3,5,52,41,28,25,7,20,10,0.282,0.333,0.379,0.713,0.307,3.6,-0.3,1.6,sa3008139
Jose Abreu,White Sox,149,644,587,160,34,2,30,79,100,39,137,12,2,1,0.272,0.327,0.487,0.814,0.338,-2.5,-1.8,1.6,15676
Bryan Reynolds,Pirates,149,644,579,160,33,5,17,82,73,52,142,6,6,3,0.277,0.34,0.439,0.779,0.331,-3.2,0,1.6,19326
Brandon Crawford,Giants,134,581,520,128,27,3,13,58,64,50,120,4,4,3,0.246,0.315,0.385,0.701,0.297,3.6,-0.6,1.6,5343
Franmil Reyes,Indians,136,588,528,136,24,1,37,81,101,52,166,2,1,1,0.258,0.324,0.515,0.84,0.347,0,-0.6,1.5,14566
Tyler Flowers,Braves,66,262,228,52,10,1,8,27,30,25,79,8,0,0,0.229,0.322,0.385,0.707,0.304,0.5,-0.5,1.5,9134
Tom Murphy,Mariners,125,499,460,101,21,3,21,53,62,30,169,4,3,2,0.219,0.271,0.415,0.687,0.288,0.3,0.2,1.5,13499
Yoshitomo Tsutsugo,Rays,110,476,414,104,21,1,23,61,66,56,120,2,1,0,0.251,0.341,0.469,0.81,0.34,-0.2,-0.1,1.5,27459
Hunter Dozier,Royals,149,644,578,145,33,6,25,76,84,58,173,3,4,2,0.252,0.321,0.457,0.778,0.326,-1.9,-0.9,1.5,15117
Jeimer Candelario,Tigers,104,448,392,94,22,2,14,53,49,46,109,6,3,1,0.24,0.327,0.419,0.745,0.318,2.1,0.3,1.5,13621
Willson Contreras,Cubs,105,416,363,93,19,2,17,50,58,42,100,7,3,2,0.256,0.342,0.458,0.8,0.338,-1.5,-1.3,1.5,11609
Stephen Piscotty,Athletics,104,448,400,104,24,1,17,55,60,37,93,6,2,1,0.26,0.33,0.455,0.785,0.332,-0.4,-0.5,1.5,13367
Harrison Bader,Cardinals,97,380,334,80,14,2,13,46,42,33,110,8,10,4,0.238,0.32,0.41,0.73,0.31,4.8,0.9,1.5,18030
Yasiel Puig,,104,448,403,107,21,2,20,56,66,37,93,4,12,5,0.265,0.33,0.471,0.801,0.335,1.4,-0.6,1.5,14225
Yuli Gurriel,Astros,149,644,598,170,39,2,23,81,96,32,75,7,5,2,0.285,0.326,0.471,0.797,0.333,-3.5,-1.4,1.5,19198
Luke Voit,Yankees,105,455,394,102,18,1,20,61,64,51,118,7,0,1,0.258,0.351,0.463,0.814,0.345,-0.9,-0.7,1.5,14811
Miguel Rojas,Marlins,125,539,494,134,26,1,8,54,49,31,65,6,8,4,0.271,0.321,0.377,0.698,0.299,3.7,-1.2,1.5,7802
Robinson Cano,Mets,128,553,506,134,32,0,16,62,65,38,88,6,0,0,0.266,0.322,0.427,0.748,0.315,-1.6,-1.7,1.5,3269
Randal Grichuk,Blue Jays,130,560,516,125,31,4,30,72,84,34,153,6,3,2,0.242,0.295,0.492,0.787,0.325,-3.9,0,1.5,10243
Nick Solak,Rangers,109,469,419,114,19,2,16,60,61,40,102,6,6,2,0.271,0.341,0.444,0.785,0.333,-1.9,0.2,1.5,19294
Jose Iglesias,Orioles,138,595,557,149,31,3,10,62,60,26,73,6,10,5,0.267,0.305,0.384,0.689,0.293,4.3,-0.4,1.5,10231
Tommy Edman,Cardinals,117,484,446,121,21,6,10,58,47,28,82,5,15,4,0.272,0.319,0.414,0.733,0.311,3.7,2.3,1.4,19470
Evan Longoria,Giants,125,539,491,124,26,3,19,58,69,36,110,6,3,1,0.253,0.309,0.432,0.741,0.311,0.2,-0.3,1.4,9368
Kole Calhoun,Diamondbacks,134,581,508,125,26,2,23,76,74,62,137,5,4,2,0.246,0.332,0.445,0.777,0.327,2.4,-0.2,1.4,11200
Austin Hays,Orioles,115,497,465,118,24,2,21,60,66,23,109,5,9,5,0.254,0.294,0.45,0.744,0.311,1.2,-0.2,1.4,19363
Nick Castellanos,Reds,139,602,549,152,41,4,26,80,84,43,141,5,2,2,0.277,0.333,0.508,0.84,0.349,-7.8,-0.4,1.4,11737
Shogo Akiyama,Reds,110,476,427,117,22,3,13,56,53,41,84,4,8,5,0.274,0.341,0.431,0.771,0.328,-1.2,-0.8,1.4,27461
Mike Tauchman,Yankees,87,378,335,86,17,2,11,47,44,35,81,3,8,4,0.255,0.328,0.418,0.746,0.317,5.1,0,1.4,15274
Travis d'Arnaud,Braves,91,360,326,84,16,0,13,42,53,27,71,2,1,1,0.256,0.315,0.428,0.743,0.314,-0.3,-0.6,1.4,7739
Kevin Newman,Pirates,131,567,523,146,26,5,9,61,54,32,73,5,16,7,0.279,0.325,0.398,0.723,0.308,-1.8,0.1,1.4,17696
Elvis Andrus,Rangers,152,658,605,165,33,4,13,80,71,41,99,4,23,9,0.272,0.32,0.405,0.725,0.309,-2.4,1.7,1.4,8709
David Fletcher,Angels,118,511,469,129,25,3,5,59,43,33,56,3,8,3,0.275,0.325,0.375,0.7,0.302,2.8,0.4,1.4,17992
Hunter Renfroe,Rays,123,532,485,113,24,1,29,65,81,38,159,4,4,1,0.233,0.291,0.468,0.76,0.314,2.7,-0.1,1.4,15464
Mike Yastrzemski,Giants,136,588,525,128,29,4,20,71,66,51,151,5,6,4,0.244,0.315,0.428,0.743,0.313,2.9,-0.1,1.4,14854
Mitch Haniger,Mariners,78,336,293,74,16,1,14,44,42,34,84,6,4,1,0.251,0.337,0.459,0.796,0.336,1.3,-0.1,1.4,14274
Hanser Alberto,Orioles,139,602,571,162,24,2,13,64,58,18,58,4,5,4,0.283,0.308,0.404,0.712,0.301,3.7,-1,1.4,11902
Wilson Ramos,Mets,107,422,385,105,18,0,14,44,59,32,65,2,1,0,0.274,0.33,0.433,0.763,0.322,-3.2,-2.4,1.4,1433
Travis Shaw,Blue Jays,107,462,398,92,19,0,22,58,62,56,116,4,3,1,0.231,0.329,0.442,0.771,0.325,2.7,-0.2,1.3,11982
Khris Davis,Athletics,147,637,566,135,23,1,38,84,108,58,182,7,1,0,0.239,0.315,0.486,0.801,0.332,0,-1.4,1.3,9112
Martin Maldonado,Astros,92,365,327,71,14,0,11,39,39,24,93,8,1,1,0.216,0.286,0.364,0.65,0.279,3.1,-1,1.3,6887
Ian Happ,Cubs,102,441,381,92,18,2,19,57,57,52,131,3,8,3,0.242,0.335,0.445,0.781,0.33,-3.2,0.4,1.3,17919
Todd Frazier,Rangers,122,525,458,112,20,1,23,66,75,52,113,10,4,3,0.244,0.331,0.444,0.776,0.328,0.1,-1.1,1.3,785
Ji-Man Choi,Rays,110,476,406,101,21,1,18,55,60,59,114,5,3,2,0.247,0.346,0.437,0.783,0.333,-1,-0.2,1.3,5452
Starlin Castro,Nationals,122,525,491,141,26,2,17,60,72,27,91,2,3,2,0.286,0.324,0.453,0.777,0.325,-2.7,-0.8,1.3,4579
Nicky Lopez,Royals,130,560,510,136,23,4,6,60,47,39,60,4,10,5,0.267,0.323,0.364,0.687,0.298,4.5,0,1.3,19339
Ender Inciarte,Braves,113,450,404,109,19,3,8,55,41,37,66,3,14,6,0.27,0.334,0.392,0.725,0.311,2.7,1.3,1.3,4922
Jesse Winker,Reds,112,403,349,98,19,1,13,51,46,46,65,5,2,2,0.281,0.37,0.452,0.822,0.35,-2,-1.1,1.3,13590
David Dahl,Rockies,134,581,529,147,31,5,24,80,83,42,152,4,8,5,0.277,0.332,0.494,0.826,0.343,-2.6,0.3,1.3,13744
Gregory Polanco,Pirates,130,560,496,123,29,3,22,70,73,55,131,4,10,3,0.247,0.324,0.452,0.776,0.324,-0.1,0.7,1.2,12907
J.D. Davis,Mets,115,497,449,119,23,1,21,61,66,40,118,3,3,1,0.265,0.327,0.462,0.789,0.331,-4.4,-0.5,1.2,16219
Mallex Smith,Mariners,134,581,520,130,23,8,7,67,43,46,129,7,43,12,0.25,0.319,0.362,0.681,0.296,-3,4.7,1.2,13608
Reese McGuire,Blue Jays,73,288,259,62,13,1,7,31,29,21,57,2,2,1,0.24,0.301,0.382,0.682,0.291,1.1,-0.1,1.2,15674
Tommy La Stella,Angels,102,441,393,107,18,0,13,54,51,33,53,4,1,1,0.272,0.329,0.416,0.746,0.312,1.9,-0.3,1.2,12371
Austin Hedges,Padres,60,237,216,47,9,1,10,23,30,16,69,2,1,1,0.215,0.273,0.397,0.671,0.28,1.9,-0.2,1.2,12976
Johan Camargo,Braves,100,394,359,96,21,2,12,45,51,27,78,3,1,1,0.266,0.321,0.438,0.758,0.319,1.8,-0.3,1.2,14950
Scott Kingery,Phillies,144,623,572,139,31,4,19,71,69,38,167,6,17,5,0.244,0.296,0.413,0.709,0.299,2.7,2.4,1.2,17975
Lourdes Gurriel Jr.,Blue Jays,139,602,560,146,30,2,26,76,85,28,135,7,8,5,0.262,0.304,0.462,0.766,0.319,-0.3,-0.4,1.2,19238
Nomar Mazara,White Sox,120,518,471,119,22,2,23,63,73,37,119,5,3,1,0.253,0.312,0.453,0.765,0.32,-0.9,-0.4,1.2,14553
Alex Avila,Twins,55,218,179,37,7,0,8,23,24,36,76,1,1,0,0.208,0.342,0.376,0.718,0.31,2.2,-0.5,1.1,7476
Corey Dickerson,Marlins,118,511,475,129,31,3,17,58,62,28,102,3,4,2,0.273,0.315,0.46,0.775,0.321,1.1,-0.7,1.1,10762
Daniel Vogelbach,Mariners,91,392,329,78,13,0,18,49,53,58,97,2,0,0,0.236,0.352,0.444,0.796,0.339,0,-0.3,1.1,14130
Manuel Margot,Rays,86,371,338,84,16,4,9,43,38,27,73,2,13,5,0.249,0.307,0.401,0.708,0.3,4.1,1,1.1,14712
Niko Goodrum,Tigers,146,630,569,137,31,5,18,74,67,53,176,4,14,5,0.241,0.307,0.41,0.717,0.304,-5.4,1.9,1.1,12092
Manny Pina,Brewers,66,262,237,57,12,1,7,25,30,18,62,4,1,0,0.242,0.304,0.391,0.695,0.296,2.7,-0.4,1.1,2829
Howie Kendrick,Nationals,94,286,260,78,16,1,9,36,37,20,45,3,3,1,0.299,0.353,0.47,0.823,0.347,-0.7,-0.7,1.1,4229
Tucker Barnhart,Reds,89,352,308,75,16,1,8,33,38,37,71,2,1,1,0.243,0.327,0.383,0.71,0.303,4.1,-1.3,1.1,10200
Austin Barnes,Dodgers,53,211,183,42,9,1,5,24,22,23,48,4,3,1,0.228,0.324,0.364,0.688,0.298,0.4,-0.1,1.1,12158
Max Stassi,Angels,57,224,199,41,9,0,7,23,22,19,67,3,1,1,0.208,0.288,0.354,0.642,0.278,-0.5,-0.5,1.1,10059
Willie Calhoun,Rangers,130,560,507,138,27,2,26,74,79,43,84,4,2,1,0.272,0.332,0.486,0.818,0.342,-4,-0.4,1.1,17838
Avisail Garcia,Brewers,115,477,438,120,22,2,19,59,70,30,111,6,6,3,0.274,0.326,0.468,0.794,0.332,-1.2,-0.5,1.1,5760
Rougned Odor,Rangers,136,588,531,125,27,2,29,78,84,44,160,7,13,8,0.236,0.302,0.455,0.757,0.316,-2.5,0.5,1.1,12282
Nick Senzel,Reds,110,416,376,98,22,3,12,53,46,33,102,3,12,5,0.26,0.324,0.432,0.756,0.32,-0.7,0.2,1,19293
Yoenis Cespedes,Mets,79,283,254,65,12,1,15,37,43,24,70,2,2,1,0.256,0.322,0.487,0.809,0.334,0.1,0.2,1,13110
Justin Smoak,Brewers,117,464,392,93,19,0,22,57,67,65,111,4,0,0,0.237,0.349,0.457,0.806,0.342,-0.2,-1.8,1,9054
Christian Walker,Diamondbacks,125,539,479,121,26,3,24,69,75,50,141,5,5,1,0.252,0.327,0.464,0.791,0.331,0.8,0.5,1,13419
Ryan Braun,Brewers,109,469,426,115,25,2,21,61,70,34,95,4,9,3,0.269,0.328,0.482,0.809,0.337,-1,-0.6,1,3410
Robinson Chirinos,Rangers,92,365,310,70,15,1,14,43,45,39,106,11,1,1,0.227,0.332,0.419,0.751,0.323,-0.1,-1.3,1,3142
Victor Caratini,Cubs,73,256,227,60,12,1,7,29,30,23,52,3,1,0,0.265,0.337,0.42,0.757,0.323,-1,-0.1,1,14968
Ryan McMahon,Rockies,131,567,507,134,28,3,22,69,78,51,157,3,6,2,0.264,0.333,0.458,0.791,0.333,-1.5,0.4,1,15112
A.J. Pollock,Dodgers,89,345,314,80,17,2,14,45,46,23,73,5,7,2,0.255,0.314,0.452,0.766,0.321,-1.1,1,1,9256
Mauricio Dubon,Giants,118,511,477,126,23,2,12,53,48,24,78,3,12,6,0.263,0.301,0.391,0.692,0.294,2.6,-0.1,0.9,16530
Shin-Soo Choo,Rangers,146,630,537,136,27,1,21,84,60,75,156,12,11,2,0.253,0.356,0.423,0.779,0.336,-0.4,0.5,0.9,3174
Yan Gomes,Nationals,71,282,253,60,13,0,10,30,36,22,71,4,1,0,0.236,0.306,0.409,0.715,0.301,1.9,-0.3,0.9,9627
Steven Souza Jr.,Cubs,112,363,317,75,15,2,15,44,49,39,108,4,7,3,0.237,0.325,0.44,0.765,0.325,0.1,0.9,0.9,5667
Francisco Mejia,Padres,99,390,358,91,19,2,12,42,44,22,80,5,2,1,0.254,0.303,0.422,0.725,0.304,0.1,0,0.9,16403
Marwin Gonzalez,Twins,75,322,291,78,17,1,10,38,42,25,68,3,2,1,0.267,0.33,0.437,0.766,0.324,0.2,-0.3,0.9,5497
Jorge Alfaro,Marlins,113,448,413,100,17,1,14,42,49,21,149,10,3,2,0.241,0.291,0.391,0.682,0.289,-1.6,-0.9,0.9,12180
Wilmer Flores,Giants,105,355,326,91,20,0,12,39,45,21,42,4,1,1,0.279,0.327,0.448,0.775,0.327,-2.2,-1.3,0.9,5827
Maikel Franco,Royals,120,518,470,121,25,1,20,59,70,40,74,2,1,0,0.258,0.317,0.443,0.76,0.311,-2.8,-1,0.9,12179
Joey Wendle,Rays,71,308,283,73,16,2,5,33,31,16,59,5,8,2,0.257,0.307,0.385,0.692,0.295,2.1,0.6,0.9,13853
Alex Gordon,Royals,118,511,453,114,22,1,12,57,54,42,99,11,5,2,0.251,0.328,0.386,0.714,0.307,4.8,-0.6,0.9,5209
Franklin Barreto,Athletics,78,336,305,71,15,2,13,41,41,23,105,4,7,2,0.232,0.292,0.419,0.711,0.3,0,0.8,0.9,15519
Josh Reddick,Astros,86,371,337,90,15,2,11,44,43,29,52,1,4,1,0.268,0.323,0.417,0.74,0.313,0.5,0.2,0.9,3892
Austin Romine,Tigers,63,250,231,59,12,0,7,27,30,13,53,2,1,0,0.256,0.298,0.409,0.706,0.299,0.4,-0.3,0.8,5491
Oscar Mercado,Indians,136,588,532,135,28,3,13,72,60,40,117,7,24,11,0.254,0.312,0.391,0.703,0.301,1.2,0.6,0.8,16375
Eric Thames,Nationals,112,455,393,94,20,2,23,62,64,51,139,7,4,2,0.239,0.336,0.477,0.813,0.339,-2.1,0,0.8,3711
Nico Hoerner,Cubs,83,357,330,89,16,4,7,40,40,21,43,4,6,3,0.271,0.319,0.405,0.724,0.308,1.3,0,0.8,21479
Chris Taylor,Dodgers,87,278,248,62,15,2,8,34,32,25,75,3,5,2,0.251,0.324,0.424,0.748,0.317,-1,1.1,0.8,13757
Rio Ruiz,Orioles,89,385,345,84,16,2,11,41,43,35,85,1,1,1,0.243,0.312,0.396,0.708,0.302,1.5,-0.5,0.8,14103
Aaron Hicks,Yankees,39,168,144,35,7,0,7,23,23,22,38,1,2,1,0.241,0.34,0.442,0.783,0.333,0.1,0.2,0.8,5297
Isan Diaz,Marlins,130,560,497,117,22,3,16,65,63,55,142,4,7,3,0.235,0.315,0.39,0.705,0.303,-3.2,-0.2,0.8,17922
Tyler O'Neill,Cardinals,115,457,416,100,17,1,24,58,66,33,147,3,5,1,0.241,0.3,0.459,0.759,0.316,-0.5,0.9,0.8,15711
Jordan Luplow,Indians,68,294,257,63,14,1,11,38,40,31,69,3,4,2,0.247,0.334,0.443,0.777,0.329,2.1,-0.3,0.8,16424
Asdrubal Cabrera,Nationals,86,299,268,72,16,1,11,36,43,26,58,2,2,0,0.269,0.337,0.453,0.79,0.333,-1.9,-1,0.8,4962
Cameron Maybin,Tigers,104,448,394,101,21,1,10,56,43,47,103,3,14,7,0.257,0.339,0.392,0.73,0.316,-0.1,-0.1,0.8,5223
Shed Long,Mariners,121,525,474,113,21,3,15,59,52,42,138,4,9,5,0.238,0.303,0.389,0.692,0.296,-1.9,-0.1,0.8,16542
Teoscar Hernandez,Blue Jays,118,511,458,107,23,3,24,64,69,45,159,3,8,4,0.234,0.304,0.455,0.759,0.317,-0.8,-0.2,0.8,13066
Alec Bohm,Phillies,52,224,203,54,10,1,8,27,29,18,38,1,2,1,0.265,0.326,0.449,0.775,0.326,0.4,-0.1,0.8,sa3007284
Jedd Gyorko,Brewers,76,269,238,59,10,1,12,32,37,27,62,1,2,0,0.247,0.324,0.445,0.769,0.325,0.2,-0.4,0.8,10816
Enrique Hernandez,Dodgers,89,265,234,56,12,1,10,34,35,26,55,2,2,0,0.241,0.318,0.436,0.755,0.317,-0.5,0.7,0.8,10472
Derek Fisher,Blue Jays,84,364,319,73,14,2,15,46,43,39,115,3,9,3,0.228,0.315,0.427,0.743,0.315,0.9,0.4,0.8,16192
Dexter Fowler,Cardinals,126,546,466,109,23,3,16,66,60,67,132,6,8,4,0.235,0.336,0.399,0.736,0.317,-3.2,0.2,0.7,4062
Michael Chavis,Red Sox,113,490,444,109,22,1,23,60,70,36,145,5,3,1,0.246,0.308,0.456,0.765,0.32,-3.2,-0.2,0.7,17321
Anthony Santander,Orioles,136,588,546,140,30,2,22,67,76,31,120,5,5,3,0.257,0.3,0.44,0.74,0.31,0.3,-0.2,0.7,14551
Matt Joyce,Marlins,94,286,241,58,12,0,9,35,29,41,60,1,1,1,0.24,0.35,0.408,0.758,0.327,-1,-0.4,0.7,3353
Danny Santana,Rangers,126,546,507,131,27,5,21,72,71,28,149,5,19,8,0.258,0.301,0.456,0.757,0.315,-3.3,1.3,0.7,10322
Dylan Carlson,Cardinals,68,294,262,65,13,3,9,35,34,26,66,3,7,3,0.249,0.321,0.425,0.745,0.315,-0.8,-0.1,0.7,sa917940
Jarrod Dyson,Pirates,86,371,328,78,12,3,5,45,27,34,63,4,22,5,0.238,0.315,0.337,0.653,0.286,3.7,2.8,0.7,4866
Austin Riley,Braves,58,252,230,58,12,1,14,33,40,17,73,3,1,1,0.251,0.308,0.486,0.794,0.328,-1.3,-0.2,0.7,18360
Omar Narvaez,Brewers,91,358,314,83,13,0,13,40,41,38,65,3,0,1,0.265,0.347,0.428,0.775,0.331,-5.3,-0.7,0.7,13338
Jo Adell,Angels,63,273,251,64,14,1,9,31,32,17,75,3,5,1,0.257,0.31,0.429,0.738,0.312,1.6,0.4,0.7,sa3004837
Jesus Aguilar,Marlins,97,420,368,90,17,0,18,49,59,43,100,4,0,0,0.245,0.325,0.436,0.761,0.322,1,-0.7,0.7,11342
Addison Russell,,39,168,149,37,7,1,5,19,20,15,38,2,1,0,0.247,0.32,0.407,0.727,0.309,2.3,0.2,0.7,14106
Alex Dickerson,Giants,115,457,411,109,23,4,13,55,56,34,92,7,3,1,0.265,0.328,0.433,0.761,0.32,-2.6,-0.3,0.7,12649
Eric Sogard,Brewers,81,330,291,74,15,1,6,38,28,32,50,3,5,1,0.256,0.333,0.379,0.712,0.307,0.5,0.4,0.7,7927
Austin Nola,Mariners,107,443,398,96,20,1,9,45,43,36,94,5,3,1,0.241,0.31,0.369,0.679,0.293,1.3,0.2,0.7,15941
Tyler Naquin,Indians,65,280,257,70,14,1,9,33,35,17,67,2,4,2,0.271,0.319,0.439,0.758,0.318,2.3,0.1,0.7,13359
Wil Myers,Padres,102,361,319,75,16,1,14,43,44,37,111,2,11,4,0.234,0.315,0.428,0.743,0.315,-0.5,0.9,0.6,10047
Mike Ford,Yankees,42,182,159,41,8,0,9,25,27,19,34,2,0,0,0.256,0.34,0.484,0.825,0.344,-0.2,-0.1,0.6,15585
Mitch Moreland,Red Sox,110,476,424,104,24,2,20,59,69,45,110,3,1,0,0.245,0.319,0.451,0.77,0.323,1.7,-1.1,0.6,3086
Domingo Santana,Indians,87,378,331,83,16,1,16,47,51,41,123,3,5,2,0.25,0.335,0.453,0.788,0.333,-3.3,0.3,0.6,10348
Adam Haseley,Phillies,110,476,431,109,21,2,12,52,51,33,104,6,7,3,0.252,0.313,0.395,0.708,0.302,-0.5,0.2,0.6,19878
Brian Dozier,,62,186,162,38,8,1,8,23,23,20,40,2,2,1,0.237,0.326,0.437,0.763,0.323,-0.4,0,0.6,9810
JaCoby Jones,Tigers,130,560,506,115,26,5,16,63,53,39,168,9,12,5,0.227,0.292,0.389,0.681,0.29,0.2,0.8,0.6,14818
Kurt Suzuki,Nationals,78,307,278,75,15,0,13,35,49,18,39,7,1,0,0.268,0.326,0.457,0.783,0.329,-4.1,-0.7,0.6,8259
Brock Holt,Brewers,102,349,305,78,15,2,6,37,36,35,72,5,4,3,0.256,0.34,0.379,0.719,0.312,-0.5,-0.7,0.6,9345
Jon Berti,Marlins,75,242,216,52,9,2,5,28,20,20,54,4,12,4,0.242,0.316,0.363,0.679,0.295,1.1,1.3,0.6,12037
Garrett Cooper,Marlins,102,401,363,95,19,1,12,45,46,30,96,4,0,1,0.262,0.323,0.418,0.74,0.315,0.7,-0.7,0.6,15279
Kyle Higashioka,Yankees,36,141,129,29,6,0,7,17,20,9,36,1,0,0,0.225,0.279,0.428,0.706,0.295,-0.6,0,0.6,5517
Colin Moran,Pirates,118,511,465,123,24,2,14,53,67,37,110,4,1,1,0.264,0.32,0.415,0.735,0.31,-4.5,-1.4,0.6,16909
Jay Bruce,Phillies,89,245,223,54,12,1,14,31,41,20,59,1,1,1,0.242,0.304,0.493,0.797,0.329,-0.3,-0.4,0.6,9892
Austin Allen,Athletics,53,212,194,47,11,0,7,24,27,13,50,2,0,0,0.244,0.297,0.412,0.709,0.298,-1.2,-0.1,0.6,18083
Kevin Pillar,Red Sox,60,259,243,66,17,1,7,31,33,10,40,3,5,2,0.269,0.304,0.433,0.737,0.308,2,0.6,0.5,12434
Brett Phillips,Royals,79,343,298,61,10,5,9,38,34,38,118,2,10,2,0.205,0.297,0.366,0.663,0.285,5.3,1.3,0.5,14735
Freddy Galvis,Reds,136,588,545,135,27,3,16,62,67,34,133,2,6,3,0.247,0.293,0.394,0.687,0.29,0.5,0,0.5,6609
Joe Panik,,52,224,200,52,11,1,4,26,22,19,22,2,2,1,0.262,0.329,0.389,0.717,0.307,-0.3,-0.2,0.5,11936
Jason Kipnis,,63,253,226,56,13,1,7,28,31,21,47,2,3,1,0.249,0.317,0.412,0.729,0.31,-0.4,0.3,0.5,9776
Eric Hosmer,Padres,143,616,559,147,26,2,22,71,82,50,135,2,3,2,0.263,0.324,0.433,0.757,0.318,-0.1,-1.4,0.5,3516
Aristides Aquino,Reds,99,387,356,85,15,2,22,49,64,25,114,3,5,2,0.239,0.293,0.481,0.773,0.319,0.1,0.2,0.5,15482
David Bote,Cubs,78,236,207,50,11,1,7,27,28,23,61,3,3,1,0.242,0.324,0.408,0.732,0.311,-0.2,0.3,0.5,14593
Francisco Cervelli,Marlins,83,300,255,59,11,1,6,30,30,33,72,8,2,1,0.232,0.337,0.36,0.697,0.307,-2,-0.6,0.5,5275
Renato Nunez,Orioles,143,616,557,136,26,1,30,74,89,46,153,7,1,1,0.244,0.307,0.457,0.765,0.32,0,-0.4,0.5,14503
Miguel Andujar,Yankees,115,497,464,124,28,2,20,59,70,24,84,4,2,2,0.267,0.305,0.46,0.765,0.319,-2.9,-0.1,0.5,15878
Jose Peraza,Red Sox,63,273,254,71,12,2,5,31,27,12,36,4,8,4,0.279,0.319,0.394,0.714,0.305,0,0.2,0.5,13593
Stephen Vogt,Diamondbacks,86,274,249,62,16,1,10,30,38,21,59,1,2,1,0.248,0.307,0.445,0.752,0.315,-2.5,-0.5,0.5,5000
Russell Martin,,29,115,97,21,3,0,3,12,11,15,28,3,1,0,0.215,0.333,0.347,0.681,0.3,-0.1,-0.4,0.5,4616
Victor Reyes,Tigers,96,413,389,105,19,4,7,47,38,18,78,1,12,5,0.271,0.303,0.394,0.697,0.295,3.5,0.3,0.5,15487
Cam Gallagher,Royals,29,115,104,26,5,0,2,11,11,8,20,1,0,0,0.248,0.307,0.367,0.673,0.29,0.7,-0.3,0.5,12981
Jake Marisnick,Mets,92,319,291,64,14,2,11,40,35,19,96,6,9,4,0.221,0.28,0.399,0.679,0.288,1,0.9,0.5,11339
D.J. Stewart,Orioles,79,343,300,73,15,1,13,42,42,34,77,5,6,3,0.242,0.326,0.425,0.75,0.319,-1.9,-0.2,0.4,17766
Nick Markakis,Braves,99,327,290,81,17,1,7,37,41,31,45,2,1,1,0.279,0.35,0.412,0.762,0.325,-1.2,-1,0.4,5930
Leury Garcia,White Sox,89,385,358,95,16,2,7,46,33,15,86,5,9,3,0.264,0.301,0.377,0.678,0.29,0.7,0.7,0.4,5913
Tony Wolters,Rockies,97,384,335,83,17,2,4,38,37,37,68,6,1,1,0.249,0.332,0.349,0.681,0.294,4.4,-0.2,0.4,11470
Sheldon Neuse,Athletics,50,217,200,50,10,1,5,23,23,14,63,1,1,1,0.251,0.301,0.382,0.683,0.291,0.9,-0.1,0.4,19635
Daniel Murphy,Rockies,130,560,512,150,36,2,19,71,83,39,81,3,2,1,0.292,0.343,0.483,0.826,0.345,-1,-0.7,0.4,4316
Austin Slater,Giants,65,220,193,48,10,1,5,24,23,22,59,3,3,1,0.251,0.336,0.393,0.728,0.314,0.1,0.2,0.4,16153
Jose Osuna,Pirates,102,321,293,77,21,1,10,38,41,21,60,2,2,1,0.261,0.313,0.441,0.754,0.317,-2.2,-0.4,0.4,12937
Brian Goodwin,Angels,92,399,359,85,19,2,13,47,45,33,113,3,6,2,0.237,0.303,0.411,0.714,0.302,-0.4,0.3,0.4,12858
Kevin Plawecki,Red Sox,34,135,120,30,7,0,3,14,16,11,26,3,0,0,0.246,0.32,0.39,0.71,0.304,0,-0.3,0.4,13807
Michael Perez,Rays,42,166,150,34,7,0,5,18,17,14,43,1,1,1,0.227,0.292,0.369,0.661,0.284,1.6,-0.3,0.4,12977
Jake Lamb,Diamondbacks,73,235,201,47,11,2,9,29,33,30,61,3,2,1,0.232,0.335,0.43,0.765,0.324,-0.9,0.4,0.4,13329
Daniel Robertson,Rays,41,175,151,35,7,1,3,19,16,18,42,4,2,1,0.231,0.328,0.349,0.678,0.299,0.3,-0.2,0.4,14145
Ryan Zimmerman,Nationals,89,285,258,67,14,1,12,35,43,23,60,2,1,0,0.259,0.322,0.461,0.783,0.328,-0.9,-0.1,0.4,4220
Jake Rogers,Tigers,42,166,147,30,6,1,6,18,18,14,50,2,1,1,0.204,0.282,0.372,0.654,0.28,1.8,-0.1,0.4,19452
Tony Kemp,Athletics,50,217,193,50,9,2,3,25,21,18,31,2,6,3,0.259,0.327,0.378,0.705,0.304,-0.7,-0.3,0.4,14894
Dustin Garneau,Astros,36,141,126,26,6,0,5,16,17,11,38,3,0,0,0.207,0.282,0.369,0.651,0.28,1,-0.2,0.4,9433
Aledmys Diaz,Astros,31,133,120,31,7,0,5,17,18,10,20,2,1,1,0.261,0.321,0.44,0.761,0.32,-0.7,-0.2,0.4,15937
Ramon Urias,Orioles,44,189,168,41,10,0,5,22,20,14,42,4,2,1,0.245,0.318,0.394,0.712,0.306,-0.2,-0.1,0.4,sa597169
Chance Sisco,Orioles,78,307,268,64,12,0,10,35,34,27,88,9,1,1,0.238,0.326,0.398,0.724,0.313,-2.9,-0.2,0.4,15694
Curt Casali,Reds,65,257,228,54,10,0,8,26,30,24,62,2,1,1,0.235,0.311,0.384,0.695,0.298,-1.1,-0.4,0.4,12510
Garrett Stubbs,Astros,34,134,120,28,6,0,3,15,13,11,27,2,3,1,0.229,0.3,0.348,0.648,0.282,1,0.3,0.4,18067
Brad Miller,Cardinals,49,130,115,27,6,1,5,15,17,13,35,1,1,1,0.239,0.318,0.446,0.763,0.321,0,-0.2,0.4,12775
James McCann,White Sox,49,196,179,43,8,0,6,20,23,13,54,2,1,1,0.24,0.298,0.39,0.688,0.294,0.9,-0.4,0.4,12859
Myles Straw,Astros,29,126,112,29,4,1,1,15,9,12,24,1,7,2,0.26,0.334,0.33,0.663,0.294,0.6,0.6,0.4,17620
Chad Pinder,Athletics,36,154,141,35,8,0,6,18,19,9,40,2,1,0,0.247,0.303,0.425,0.728,0.308,0.9,-0.2,0.4,15191
Jed Lowrie,Mets,70,201,178,43,9,0,5,22,22,20,40,1,0,0,0.24,0.317,0.387,0.704,0.303,-0.3,-0.4,0.3,4418
Jose Martinez,Rays,57,245,220,59,10,1,7,28,29,21,53,1,2,1,0.269,0.334,0.418,0.752,0.321,-0.1,-0.1,0.3,7996
Matt Beaty,Dodgers,62,166,153,41,9,0,4,19,22,10,24,2,2,1,0.269,0.32,0.425,0.745,0.315,0,0,0.3,17710
Rowdy Tellez,Blue Jays,58,252,227,56,13,0,11,31,35,19,63,3,1,1,0.248,0.312,0.454,0.766,0.32,0.3,-0.2,0.3,15679
Dee Gordon,Mariners,73,315,296,82,10,4,2,34,22,11,46,3,16,5,0.276,0.308,0.356,0.664,0.285,-1.6,1.3,0.3,8203
Zack Cozart,,37,161,144,35,7,1,4,18,17,13,27,2,1,0,0.243,0.309,0.395,0.705,0.3,0.7,-0.1,0.3,2616
Sandy Leon,Indians,62,243,220,47,9,0,6,24,24,17,63,2,1,1,0.214,0.274,0.334,0.608,0.263,1.5,-0.6,0.3,5273
Robbie Grossman,Athletics,45,196,168,42,9,1,3,23,19,25,37,1,3,1,0.25,0.349,0.376,0.725,0.316,-1.2,-0.2,0.3,5254
Christin Stewart,Tigers,112,483,425,102,21,2,18,56,59,48,121,6,1,1,0.24,0.322,0.428,0.751,0.317,-4.4,-0.6,0.3,17714
Adam Duvall,Braves,60,159,143,33,7,1,8,19,25,12,42,2,1,0,0.233,0.299,0.46,0.759,0.315,0.6,0.2,0.3,10950
Josh Naylor,Padres,55,178,160,42,9,0,6,21,21,16,30,1,1,1,0.262,0.33,0.427,0.757,0.32,-0.8,0,0.3,18839
Willi Castro,Tigers,39,168,154,39,8,2,3,18,16,9,37,2,4,1,0.254,0.302,0.387,0.689,0.294,-0.3,0.1,0.3,17338
Scooter Gennett,,53,231,214,56,11,1,7,26,28,13,50,2,1,1,0.263,0.309,0.417,0.725,0.307,-1.9,-0.1,0.3,10339
Greg Garcia,Padres,58,152,128,31,5,1,2,16,12,19,33,2,1,1,0.241,0.348,0.341,0.689,0.306,0,0.1,0.3,10951
Isaac Paredes,Tigers,23,98,88,23,4,0,3,11,10,7,14,1,1,0,0.259,0.323,0.408,0.731,0.313,0.1,0,0.3,sa920275
Matt Duffy,Rangers,32,140,125,35,6,1,2,16,13,12,22,2,2,1,0.279,0.348,0.391,0.738,0.32,-0.4,-0.2,0.3,13836
Phillip Ervin,Reds,68,174,154,38,7,2,5,20,20,15,43,3,5,3,0.243,0.319,0.417,0.735,0.313,0.1,0.1,0.3,14738
Willians Astudillo,Twins,15,59,55,16,3,0,2,7,8,2,3,1,0,0,0.29,0.319,0.456,0.775,0.325,0.2,-0.1,0.3,15608
Luis Rengifo,Angels,24,105,94,23,4,1,2,12,10,9,21,1,2,2,0.248,0.321,0.383,0.704,0.303,0.1,-0.2,0.3,19858
Tyler Heineman,,21,83,75,18,4,0,2,8,7,6,14,1,1,0,0.244,0.306,0.365,0.672,0.29,0.5,0.1,0.3,13897
Dominic Smith,Mets,73,175,159,39,8,0,6,20,21,13,41,1,1,1,0.248,0.307,0.416,0.723,0.307,-0.2,-0.1,0.3,15653
Pedro Severino,Orioles,73,288,261,62,11,0,9,30,32,21,61,3,2,1,0.238,0.3,0.385,0.685,0.293,-1.6,-0.2,0.2,14523
Albert Almora Jr.,Cubs,75,262,243,65,13,1,6,30,28,13,45,1,2,1,0.266,0.304,0.405,0.709,0.299,-0.2,-0.3,0.2,14109
Luke Maile,Pirates,63,250,227,48,11,1,4,22,23,17,61,2,2,0,0.211,0.271,0.324,0.595,0.258,1.2,0.2,0.2,13355
Garrett Hampson,Rockies,96,313,284,76,13,4,6,36,30,23,66,2,16,5,0.269,0.325,0.401,0.725,0.31,0.2,1.5,0.2,19262
Danny Mendick,White Sox,24,105,94,23,4,0,2,11,10,9,21,1,2,1,0.241,0.308,0.366,0.674,0.292,0.7,0,0.2,18889
Donovan Solano,Giants,66,227,212,57,12,1,3,22,20,10,39,2,1,1,0.271,0.307,0.371,0.678,0.291,0.4,-0.3,0.2,8623
Michael Brosseau,Rays,18,77,70,18,4,0,2,9,9,5,17,1,1,1,0.25,0.309,0.407,0.716,0.305,0.2,-0.1,0.2,19683
Lane Thomas,Cardinals,78,216,195,46,8,2,7,24,25,17,59,2,5,3,0.237,0.302,0.402,0.705,0.3,0.5,-0.2,0.2,16939
Ryan Mountcastle,Orioles,50,217,205,54,10,1,9,26,29,9,50,1,1,0,0.266,0.298,0.449,0.747,0.312,0.4,0.1,0.2,sa874734
Jake Bauers,Indians,49,210,183,43,10,1,6,25,25,24,54,1,4,2,0.234,0.324,0.404,0.728,0.313,0,0.2,0.2,15194
Ryan O'Hearn,Royals,102,441,389,90,21,2,18,50,54,44,117,3,1,0,0.23,0.312,0.429,0.741,0.313,-0.6,-0.2,0.2,16442
Tim Locastro,Diamondbacks,47,143,127,32,7,1,2,17,13,8,26,7,6,1,0.254,0.329,0.381,0.71,0.309,-0.3,0.8,0.2,15124
Abraham Toro,Astros,16,70,62,15,3,1,2,9,8,6,14,1,1,0,0.248,0.322,0.418,0.74,0.315,0.1,0,0.2,19844
Derek Dietrich,Reds,36,74,64,16,3,0,3,9,10,6,18,3,0,0,0.242,0.332,0.45,0.781,0.33,-0.1,0,0.2,10542
Josh Rojas,Diamondbacks,18,77,69,18,4,1,2,9,8,7,15,0,3,1,0.264,0.334,0.427,0.76,0.323,0.4,0,0.2,19734
Ben Gamel,Brewers,58,144,128,33,7,1,3,17,14,14,35,1,2,1,0.256,0.331,0.389,0.72,0.309,0,0.4,0.2,12160
Rob Brantly,,26,102,94,23,4,0,2,10,9,6,18,1,0,0,0.244,0.299,0.357,0.656,0.281,0.2,-0.1,0.2,10655
Brandon Drury,Blue Jays,83,357,327,77,19,1,11,37,39,24,88,3,1,1,0.236,0.293,0.395,0.688,0.292,-0.4,-0.3,0.2,11615
Jake Cave,Twins,26,112,102,26,5,1,4,14,14,8,33,1,1,0,0.257,0.317,0.437,0.754,0.318,-0.8,0,0.2,14477
Orlando Arcia,Brewers,62,206,188,47,8,1,5,20,22,15,41,1,4,2,0.248,0.303,0.382,0.684,0.29,0.3,0.1,0.2,13185
Nathaniel Lowe,Rays,13,56,49,13,2,0,2,7,7,6,13,0,0,0,0.26,0.344,0.452,0.795,0.337,0,0,0.2,19566
Jake Fraley,Mariners,66,287,263,62,14,2,8,31,32,17,71,4,9,4,0.237,0.291,0.399,0.69,0.291,0.3,0,0.2,19260
Ehire Adrianza,Twins,24,105,94,24,5,1,2,13,11,8,20,1,1,1,0.257,0.316,0.393,0.71,0.302,-0.7,0,0.2,8418
Dawel Lugo,Tigers,49,210,199,52,9,2,4,22,21,7,36,1,2,1,0.262,0.29,0.389,0.679,0.287,0.3,-0.2,0.1,14713
Ty France,Padres,21,51,46,12,2,0,2,6,6,3,10,2,0,0,0.258,0.327,0.436,0.763,0.324,0,-0.1,0.1,17982
Adeiny Hechavarria,Braves,47,163,151,39,7,1,3,17,18,9,30,1,2,1,0.258,0.3,0.384,0.685,0.29,0.8,0.1,0.1,10459
Rene Rivera,,13,51,47,10,1,0,2,5,6,3,16,1,0,0,0.214,0.272,0.384,0.656,0.278,0.5,-0.1,0.1,3648
Neil Walker,,52,124,109,27,5,0,4,14,14,13,26,1,1,0,0.243,0.326,0.397,0.723,0.31,-0.3,0,0.1,7539
Delino DeShields,Indians,47,203,178,41,8,1,3,24,15,20,52,1,11,3,0.228,0.309,0.328,0.637,0.281,0.5,1.4,0.1,11379
Grayson Greiner,Tigers,45,179,162,35,6,1,4,17,18,14,51,1,1,0,0.218,0.281,0.347,0.628,0.271,0.6,0.1,0.1,17062
Yolmer Sanchez,Giants,29,126,114,29,6,1,1,12,11,9,26,1,2,1,0.252,0.311,0.366,0.677,0.291,0.2,-0.1,0.1,11602
Ildemaro Vargas,Diamondbacks,39,88,82,23,4,1,1,10,9,4,9,0,1,0,0.277,0.316,0.401,0.717,0.305,0,0,0.1,13324
Hunter Pence,Giants,96,313,288,73,13,1,10,35,37,21,73,2,4,1,0.252,0.304,0.408,0.712,0.302,-1.4,0.3,0.1,8252
Christian Arroyo,Indians,26,112,103,26,6,0,3,12,13,7,25,1,1,0,0.248,0.3,0.396,0.695,0.295,0.1,0,0.1,16434
Jonathan Lucroy,Red Sox,16,64,58,15,3,0,1,7,8,5,10,1,0,0,0.258,0.321,0.392,0.713,0.305,-0.3,-0.2,0.1,7870
Billy Hamilton,,34,147,133,31,5,2,1,16,9,12,34,0,10,2,0.231,0.294,0.311,0.605,0.266,1.7,1.3,0.1,10199
Kevin Cron,Diamondbacks,13,36,32,8,2,0,2,5,6,3,10,0,0,0,0.248,0.319,0.498,0.817,0.338,0,0,0.1,16211
Ke'Bryan Hayes,Pirates,11,49,44,11,3,0,1,5,5,4,9,0,1,0,0.25,0.313,0.387,0.701,0.3,0.4,0.1,0.1,sa874730
Matt Reynolds,Royals,18,77,68,17,4,1,1,8,7,7,19,1,1,0,0.242,0.319,0.374,0.693,0.299,-0.2,0,0.1,13788
Jonathan Davis,Blue Jays,28,119,105,23,5,1,3,13,11,9,31,3,3,1,0.217,0.298,0.349,0.647,0.282,0.5,0.1,0.1,15104
Dom Nunez,Rockies,18,70,62,14,3,0,2,8,8,7,19,1,1,0,0.22,0.304,0.39,0.694,0.296,0.3,0,0.1,15055
Billy McKinney,Blue Jays,29,126,113,26,6,1,5,15,15,10,31,1,1,1,0.234,0.303,0.43,0.732,0.308,0.4,-0.2,0.1,15654
Ronald Guzman,Rangers,94,406,361,88,18,1,14,48,49,37,107,5,2,1,0.244,0.319,0.419,0.738,0.313,2.3,-0.5,0.1,14388
Brendan Rodgers,Rockies,11,49,45,12,2,0,2,6,6,3,10,1,0,0,0.277,0.327,0.453,0.78,0.328,0.2,0,0.1,17907
Jonah Heim,Athletics,13,51,47,11,2,0,1,5,5,3,10,0,0,0,0.228,0.283,0.343,0.626,0.27,0.4,0,0.1,sa737843
Tomas Nido,Mets,42,166,156,35,7,0,4,15,17,8,38,1,0,0,0.223,0.261,0.35,0.611,0.258,-0.5,-0.1,0.1,13755
Steven Duggar,Giants,68,294,265,64,14,2,5,30,26,25,84,2,5,4,0.243,0.309,0.364,0.672,0.29,-1.4,-0.3,0.1,17719
Clint Frazier,Yankees,23,98,89,22,5,0,4,12,13,7,26,1,1,1,0.243,0.304,0.445,0.749,0.314,-0.6,-0.1,0.1,15983
Luis Guillorme,Mets,21,79,70,17,3,0,1,8,6,7,13,0,1,0,0.247,0.321,0.338,0.66,0.29,0,0,0.1,16451
Rylan Bannon,Orioles,21,91,81,19,4,0,2,10,9,8,19,1,1,1,0.235,0.306,0.38,0.685,0.294,-0.1,-0.1,0.1,sa3004162
Roman Quinn,Phillies,65,200,179,42,7,3,4,23,20,16,56,2,11,3,0.237,0.306,0.379,0.685,0.294,-1.1,0.8,0.1,13546
Jung Ho Kang,,11,49,44,10,2,0,2,5,7,4,14,1,0,0,0.23,0.303,0.441,0.744,0.313,-0.3,-0.1,0.1,17182
Andrew Knizner,Cardinals,11,45,41,11,2,0,1,5,5,3,7,1,0,0,0.259,0.315,0.396,0.711,0.304,0.2,0,0.1,19514
Franchy Cordero,Padres,110,456,415,92,17,6,15,52,55,33,162,3,9,3,0.223,0.284,0.402,0.686,0.29,0.9,1.3,0.1,14567
Yonder Alonso,,28,59,52,13,2,0,2,7,8,6,13,0,0,0,0.245,0.326,0.425,0.751,0.318,0,-0.2,0.1,2530
Cole Tucker,Pirates,15,63,57,14,3,1,1,6,6,5,13,0,2,1,0.242,0.306,0.366,0.672,0.289,0.1,0,0.1,17326
Eric Haase,Tigers,11,45,41,8,1,0,2,5,6,3,16,0,0,0,0.205,0.266,0.404,0.67,0.282,0.2,0,0.1,14111
Travis Demeritte,Tigers,23,98,87,20,4,1,4,12,11,9,31,1,1,0,0.228,0.304,0.419,0.722,0.306,-0.1,0,0.1,15958
Josh VanMeter,Reds,18,57,51,13,3,0,2,7,7,5,13,0,1,1,0.249,0.322,0.429,0.751,0.318,-0.1,0,0.1,15170
Guillermo Heredia,Pirates,96,313,276,69,14,1,6,33,27,26,58,7,3,3,0.249,0.325,0.366,0.69,0.301,-1.8,-0.3,0.1,18721
Raimel Tapia,Rockies,89,305,285,81,17,4,6,37,33,16,63,1,8,3,0.283,0.321,0.431,0.752,0.317,-0.3,0.4,0.1,14350
Dustin Pedroia,Red Sox,10,42,38,10,2,0,1,5,4,4,6,0,0,0,0.266,0.33,0.372,0.702,0.304,0.2,-0.1,0.1,8370
Matt Wieters,Cardinals,40,160,145,33,6,0,6,15,20,13,35,1,1,1,0.229,0.294,0.387,0.681,0.29,0.4,-0.4,0.1,4298
Jordy Mercer,Tigers,50,217,197,49,10,1,5,22,21,15,41,2,0,0,0.247,0.307,0.385,0.691,0.293,-1.1,-0.1,0.1,6547
John Ryan Murphy,Pirates,13,51,47,10,2,0,2,5,5,3,14,0,0,0,0.211,0.266,0.358,0.625,0.265,0.1,0,0.1,10346
Yairo Munoz,Cardinals,62,166,154,39,7,1,4,17,18,9,34,1,4,2,0.255,0.301,0.386,0.687,0.291,-0.4,0,0.1,16313
Domingo Leyba,Diamondbacks,23,58,53,14,3,0,1,7,6,4,10,0,0,0,0.255,0.307,0.406,0.713,0.302,-0.1,0,0.1,16404
Michael Lorenzen,Reds,10,42,39,9,2,0,2,5,9,3,8,0,0,0,0.244,0.306,0.422,0.728,0.309,0,0,0.1,14843
J.T. Riddle,Pirates,63,193,179,44,9,1,5,19,22,10,41,1,2,1,0.244,0.285,0.393,0.678,0.285,0.2,-0.1,0.1,17642
Thairo Estrada,Yankees,15,63,59,15,3,0,2,7,7,3,12,1,1,0,0.25,0.292,0.384,0.676,0.288,0,0,0.1,16426
Chris Herrmann,,10,38,34,7,1,0,1,4,4,4,12,0,0,0,0.204,0.293,0.342,0.635,0.277,0,0,0.1,9284
LaMonte Wade,Twins,10,42,36,9,1,0,1,5,4,5,7,1,1,0,0.246,0.341,0.366,0.707,0.31,-0.2,0,0.1,18126
Greg Bird,,19,84,72,16,4,0,4,10,11,10,22,1,0,0,0.227,0.323,0.437,0.761,0.322,0.2,0,0.1,14131
Randy Arozarena,Rays,8,35,31,8,2,0,1,4,4,3,8,1,1,1,0.249,0.321,0.402,0.723,0.31,-0.1,0,0.1,19290
Cedric Mullins II,Orioles,15,63,57,14,3,0,1,7,6,4,12,0,2,1,0.237,0.292,0.377,0.669,0.285,0.1,0.2,0.1,17929
Daulton Varsho,Diamondbacks,3,13,12,3,1,0,0,2,1,1,2,0,0,0,0.267,0.327,0.438,0.765,0.324,-0.1,0,0.1,sa3002838
Bradley Zimmer,Indians,8,35,31,7,1,0,1,4,4,3,12,0,1,0,0.225,0.301,0.385,0.686,0.294,0.3,0.1,0.1,16221
Devon Travis,,21,91,85,22,5,0,2,10,11,4,16,1,1,1,0.258,0.296,0.408,0.705,0.298,-0.8,0,0,13862
Ben Zobrist,,26,112,98,25,5,0,2,13,11,12,16,1,1,0,0.26,0.341,0.377,0.718,0.312,-0.5,-0.2,0,7435
Tim Beckham,,49,210,193,46,10,1,8,23,25,14,60,2,1,1,0.239,0.295,0.418,0.712,0.301,-1.9,-0.4,0,7949
Harold Ramirez,Marlins,66,227,211,56,11,1,5,24,24,11,44,3,2,1,0.266,0.308,0.397,0.706,0.3,-1,0,0,14387
Dwight Smith Jr.,Orioles,52,224,202,50,10,1,7,25,26,17,45,2,3,1,0.25,0.314,0.411,0.724,0.309,-1.5,-0.1,0,13473
Jared Walsh,Angels,8,35,31,7,2,0,2,4,5,3,11,0,0,0,0.233,0.301,0.433,0.734,0.309,0.1,0,0,18607
Bryan Holaday,Orioles,5,19,17,4,1,0,0,2,2,1,3,0,0,0,0.24,0.305,0.378,0.683,0.29,0.2,-0.1,0,11287
Santiago Espinal,Blue Jays,11,49,45,11,2,0,1,5,4,3,8,0,1,1,0.246,0.294,0.345,0.639,0.275,0.4,-0.1,0,sa918188
Erik Kratz,Yankees,3,13,12,3,0,0,0,1,1,1,3,0,0,0,0.231,0.287,0.381,0.668,0.285,0,0,0,4403
Edwin Rios,Dodgers,16,30,27,6,1,0,1,4,4,2,11,0,0,0,0.228,0.283,0.432,0.715,0.298,0,0,0,18316
David Freitas,Brewers,3,13,11,3,1,0,0,1,1,1,2,0,0,0,0.258,0.327,0.386,0.713,0.307,-0.1,0,0,10619
Austin Wynns,Orioles,6,26,23,6,1,0,1,3,2,2,5,0,0,0,0.241,0.297,0.35,0.647,0.28,0.1,0,0,15271
Daniel Johnson,Indians,8,35,32,8,2,0,1,4,4,2,9,0,1,0,0.253,0.308,0.419,0.727,0.307,0.1,0,0,sa918018
Alex Jackson,Braves,8,32,29,6,1,0,1,3,4,2,11,1,0,0,0.204,0.269,0.398,0.667,0.281,-0.1,0,0,17276
Daniel Descalso,Cubs,37,101,86,19,4,1,2,11,11,13,27,1,1,0,0.217,0.318,0.36,0.679,0.296,-0.4,0,0,8392
Zack Collins,White Sox,11,48,40,8,2,0,2,6,5,7,16,0,0,0,0.206,0.32,0.381,0.701,0.303,-0.2,0,0,19181
Ryon Healy,Brewers,8,35,33,8,2,0,2,4,5,2,8,0,0,0,0.259,0.303,0.469,0.772,0.322,-0.3,-0.1,0,15447
Jaylin Davis,Giants,23,98,89,21,4,0,3,10,10,7,29,1,1,1,0.233,0.296,0.397,0.693,0.295,0.4,0,0,19552
Anthony Bemboom,Angels,8,32,29,6,1,0,1,3,3,2,8,0,0,0,0.203,0.267,0.305,0.572,0.249,0.2,0,0,13854
Jake Cronenworth,Padres,3,14,13,3,1,0,0,1,1,1,3,0,0,0,0.252,0.32,0.358,0.678,0.295,0,0,0,sa857694
Kyle Farmer,Reds,13,52,48,11,3,0,1,5,6,3,12,1,1,0,0.238,0.29,0.378,0.668,0.284,0,0,0,14813
Pablo Sandoval,Giants,23,58,53,13,3,0,2,6,7,4,13,0,0,0,0.246,0.297,0.421,0.718,0.301,-0.3,-0.1,0,5409
Alex Kirilloff,Twins,5,21,20,5,1,0,1,2,2,1,4,0,0,0,0.273,0.315,0.429,0.744,0.314,-0.1,0,0,sa917929
Kevan Smith,,3,13,12,3,1,0,0,1,1,1,2,0,0,0,0.259,0.311,0.38,0.691,0.297,-0.1,0,0,12284
Andy Young,Diamondbacks,3,14,13,3,1,0,1,2,2,1,4,0,0,0,0.237,0.306,0.419,0.725,0.308,0,0,0,sa919031
Yu-Cheng Chang,Indians,16,70,63,14,3,0,2,8,7,5,20,1,1,0,0.221,0.287,0.368,0.655,0.28,0.2,0,0,14773
Breyvic Valera,Padres,3,14,13,3,1,0,0,1,1,1,2,0,0,0,0.258,0.322,0.373,0.694,0.299,-0.1,0,0,12758
Chad Wallach,Marlins,3,13,11,2,1,0,0,1,1,1,4,0,0,0,0.211,0.29,0.341,0.63,0.275,0,0,0,17161
Adam Engel,White Sox,37,161,146,32,6,1,3,17,15,10,47,3,4,2,0.217,0.279,0.346,0.624,0.27,0.5,0.3,0,15082
Donnie Walton,Mariners,3,14,13,3,1,0,0,1,1,1,2,0,0,0,0.241,0.309,0.346,0.655,0.286,0,0,0,19314
Esteban Quiroz,Padres,3,14,12,3,1,0,0,2,2,1,3,0,0,0,0.234,0.32,0.383,0.703,0.302,0,0,0,sa596560
Jason Martin,Pirates,18,57,52,13,3,1,1,6,6,4,13,0,1,1,0.249,0.302,0.407,0.709,0.3,0.1,-0.1,0,16429
Yonathan Daza,Rockies,21,51,48,14,3,0,1,6,5,2,8,0,1,1,0.298,0.333,0.414,0.747,0.318,0.1,-0.1,0,15794
Aramis Garcia,Giants,5,19,18,4,1,0,1,2,2,1,6,0,0,0,0.212,0.265,0.356,0.621,0.265,0.1,0,0,16925
Nick Williams,Phillies,8,19,17,4,1,0,1,2,3,1,6,0,0,0,0.245,0.299,0.436,0.735,0.309,0,0,0,14330
Juan Lagares,,34,127,116,28,6,1,2,14,11,8,30,1,2,1,0.238,0.296,0.356,0.652,0.277,0.5,0.1,0,5384
Tim Lopes,Mariners,19,84,77,19,4,0,1,8,7,6,17,1,3,1,0.248,0.303,0.349,0.652,0.282,0.3,0,0,14137
Robel Garcia,Cubs,3,14,13,3,0,0,1,2,2,1,5,0,0,0,0.22,0.292,0.423,0.715,0.301,0,0,0,13167
Wyatt Mathisen,Diamondbacks,2,7,6,1,0,0,0,1,1,1,2,0,0,0,0.235,0.32,0.407,0.728,0.312,0,0,0,sa657937
Luis Torrens,Padres,3,13,12,3,1,0,0,1,1,1,3,0,0,0,0.238,0.296,0.363,0.66,0.283,0,0,0,15905
Deivy Grullon,Phillies,3,13,12,3,1,0,1,1,2,1,4,0,0,0,0.231,0.293,0.418,0.711,0.3,-0.2,0,0,15988
Andrew Velazquez,Orioles,31,133,124,29,6,1,3,14,13,7,36,1,4,2,0.234,0.281,0.367,0.648,0.277,0.2,0,0,14196
Taylor Ward,Angels,3,14,12,3,1,0,0,2,2,1,4,0,0,0,0.238,0.321,0.4,0.721,0.309,-0.1,0,0,17548
Welington Castillo,Nationals,10,38,35,9,2,0,1,4,6,2,11,0,0,0,0.245,0.294,0.419,0.713,0.301,-0.2,-0.1,0,3256
Cheslor Cuthbert,,5,21,19,5,1,0,1,2,2,1,5,0,0,0,0.241,0.297,0.404,0.701,0.297,-0.1,0,0,10473
Dylan Moore,Mariners,11,49,44,9,2,0,1,5,5,4,13,1,2,1,0.213,0.288,0.352,0.64,0.277,-0.1,0,0,18042
Hernan Perez,,3,14,13,3,1,0,0,2,2,1,3,0,0,0,0.253,0.293,0.407,0.7,0.295,-0.1,0,0,5751
Nick Martini,Phillies,6,16,14,3,1,0,0,2,1,2,3,0,0,0,0.25,0.336,0.36,0.696,0.304,0,0,0,12005
Chris Iannetta,Yankees,13,51,44,9,2,0,2,6,6,6,16,1,0,0,0.2,0.3,0.363,0.663,0.283,-0.6,-0.2,0,8267
Logan Morrison,,2,7,6,1,0,0,0,1,1,1,2,0,0,0,0.241,0.32,0.485,0.805,0.335,0,0,0,9205
Kelvin Gutierrez,Royals,5,21,19,5,1,0,0,2,2,1,5,0,0,0,0.247,0.301,0.363,0.664,0.286,0.1,0,0,17468
Scott Heineman,Rangers,29,126,114,29,6,1,3,14,13,9,32,2,3,2,0.252,0.316,0.396,0.712,0.305,0.2,-0.3,0,14453
Abraham Almonte,,3,14,12,3,1,0,0,2,1,2,3,0,0,0,0.229,0.315,0.396,0.712,0.304,-0.2,0,0,5486
Matt Adams,Mets,5,13,12,3,1,0,1,2,2,1,4,0,0,0,0.223,0.281,0.446,0.727,0.301,0,0,0,9393
Edmundo Sosa,Cardinals,5,21,20,5,1,0,0,2,2,1,4,0,0,0,0.247,0.287,0.371,0.658,0.28,0,0,0,17022
Bobby Bradley,Indians,5,21,19,4,1,0,1,3,3,2,7,0,0,0,0.226,0.292,0.45,0.742,0.309,0.1,0,0,17278
Cristian Pache,Braves,6,28,26,6,1,0,1,3,3,2,7,0,0,0,0.247,0.293,0.398,0.691,0.292,0.2,-0.1,0,sa916722
Meibrys Viloria,Royals,23,90,81,19,4,0,1,8,8,6,22,1,0,0,0.233,0.291,0.341,0.632,0.274,0.4,0,0,17109
Mike Freeman,Indians,5,21,19,4,1,0,0,2,2,2,6,0,0,0,0.237,0.307,0.334,0.641,0.28,0.1,0,0,11241
Brent Rooker,Twins,3,14,13,3,1,0,1,2,2,1,5,0,0,0,0.229,0.303,0.427,0.73,0.308,-0.1,0,0,sa3003172
Jack Mayfield,Astros,2,7,6,2,0,0,0,1,1,0,2,0,0,0,0.232,0.278,0.404,0.682,0.287,0,0,0,15402
Cesar Puello,Red Sox,2,7,6,2,0,0,0,1,1,1,2,0,0,0,0.247,0.332,0.381,0.713,0.309,0,0,0,7216
Vimael Machin,Athletics,2,7,6,1,0,0,0,1,1,1,1,0,0,0,0.239,0.318,0.341,0.659,0.286,0,0,0,sa602488
Tres Barrera,Nationals,2,6,6,1,0,0,0,1,1,0,1,0,0,0,0.234,0.294,0.363,0.657,0.283,0,0,0,19977
Ronny Rodriguez,Brewers,3,14,13,3,1,0,1,2,2,1,3,0,0,0,0.246,0.278,0.428,0.705,0.294,0,0,0,11875
Nicky Delmonico,White Sox,3,14,12,3,1,0,0,2,2,1,4,0,0,0,0.233,0.312,0.41,0.722,0.307,-0.1,0,0,13157
Brandon Dixon,Tigers,3,14,13,3,1,0,0,1,2,1,4,0,0,0,0.235,0.28,0.408,0.688,0.29,-0.1,0,0,15214
Nick Gordon,Twins,3,14,13,3,1,0,0,1,1,1,3,0,0,0,0.251,0.295,0.362,0.656,0.282,0,0,0,sa828662
Beau Taylor,,3,13,11,2,1,0,0,1,1,1,4,0,0,0,0.21,0.304,0.327,0.631,0.278,0,0,0,12384
Yangervis Solarte,,3,14,13,3,1,0,0,2,2,1,2,0,0,0,0.253,0.305,0.414,0.719,0.303,-0.1,0,0,5352
Austin Dean,Cardinals,2,7,6,2,0,0,0,1,1,0,1,0,0,0,0.266,0.318,0.438,0.756,0.319,-0.1,0,0,18288
Raudy Read,Nationals,2,6,6,1,0,0,0,1,1,0,1,0,0,0,0.246,0.285,0.409,0.694,0.29,0,0,0,15766
Mac Williamson,Nationals,3,14,13,3,1,0,1,2,2,1,4,0,0,0,0.237,0.306,0.429,0.735,0.31,0,0,0,14158
Seby Zavala,White Sox,3,13,12,2,0,0,0,1,1,1,5,0,0,0,0.204,0.261,0.356,0.617,0.264,0,0,0,18887
Alex Blandino,Reds,5,21,18,4,1,0,0,2,2,2,6,1,0,0,0.216,0.322,0.346,0.668,0.295,-0.1,0,0,16271
Bobby Dalbec,Red Sox,13,56,50,11,2,0,2,7,7,5,18,1,0,0,0.229,0.308,0.426,0.733,0.309,0,-0.1,0,sa857701
Eric Filia,Mariners,3,14,12,3,1,0,0,1,1,1,2,0,0,0,0.258,0.332,0.356,0.688,0.298,-0.1,0,0,sa827359
Christian Lopes,Marlins,2,7,6,1,0,0,0,1,1,1,1,0,0,0,0.234,0.311,0.355,0.666,0.29,0,0,0,sa601044
Rangel Ravelo,Cardinals,2,7,6,2,0,0,0,1,1,1,1,0,0,0,0.261,0.325,0.408,0.733,0.313,0,0,0,10839
Tzu-Wei Lin,Red Sox,6,28,26,6,1,0,0,3,2,2,7,0,1,0,0.243,0.299,0.351,0.65,0.281,0.1,0,0,14678
Josh Phegley,,5,19,18,4,1,0,1,2,3,1,4,0,0,0,0.235,0.288,0.395,0.683,0.289,-0.2,0,0,9308
Logan Forsythe,Phillies,2,7,6,1,0,0,0,1,1,1,2,0,0,0,0.23,0.323,0.357,0.681,0.298,0,0,0,7185
Dustin Fowler,Athletics,2,7,7,2,0,0,0,1,1,0,2,0,0,0,0.244,0.283,0.396,0.679,0.286,0,0,0,17098
Luke Raley,Dodgers,6,28,26,6,1,0,1,3,3,1,8,1,0,0,0.239,0.296,0.401,0.696,0.295,0,0,0,sa918048
Mark Mathias,Brewers,2,7,6,1,0,0,0,1,1,1,2,0,0,0,0.229,0.301,0.36,0.661,0.286,0,0,0,sa875006
Daz Cameron,Tigers,3,14,12,3,1,0,0,1,1,1,4,0,0,0,0.221,0.297,0.364,0.662,0.286,0,0,0,sa874736
Michael A. Taylor,Nationals,53,151,138,32,8,1,4,17,16,11,48,1,6,2,0.232,0.292,0.387,0.679,0.288,0.5,0.5,0,11489
Joe Hudson,,3,13,12,2,0,0,0,1,1,1,4,0,0,0,0.185,0.253,0.299,0.553,0.242,0.2,0,0,14412
Brian O'Grady,Rays,2,7,6,1,0,0,0,1,1,1,2,0,0,0,0.209,0.287,0.393,0.68,0.288,0,0,0,16729
Kean Wong,Giants,3,14,13,3,1,0,0,1,1,1,3,0,0,0,0.252,0.303,0.357,0.661,0.284,0,0,0,15994
Wilmer Difo,Nationals,2,7,6,2,0,0,0,1,1,1,1,0,0,0,0.246,0.308,0.351,0.659,0.283,0,0,0,14320
Pat Valaika,,2,7,7,1,0,0,0,1,1,0,2,0,0,0,0.223,0.266,0.395,0.66,0.278,0,0,0,14885
Sean Rodriguez,Marlins,5,21,18,4,1,0,1,2,2,2,7,0,0,0,0.198,0.294,0.361,0.655,0.283,0,0,0,6589
Cristhian Adames,Giants,3,14,13,3,1,0,0,1,1,1,3,0,0,0,0.234,0.294,0.351,0.645,0.278,-0.1,0,0,6013
John Hicks,Diamondbacks,5,19,18,4,1,0,1,2,2,1,6,0,0,0,0.232,0.274,0.389,0.663,0.28,0,0,0,12547
Eduardo Nunez,,5,21,20,5,1,0,0,2,2,1,3,0,1,0,0.257,0.287,0.385,0.672,0.285,-0.2,0,0,6848
Skye Bolt,Athletics,2,7,6,1,0,0,0,1,1,1,2,0,0,0,0.208,0.274,0.344,0.619,0.266,0,0,0,17723
Drew Waters,Braves,0,0,0,0,0,0,0,0,0,0,0,0,0,0,0,0,0,0,0,0,0,0,sa3004378
Seth Beer,Diamondbacks,0,0,0,0,0,0,0,0,0,0,0,0,0,0,0,0,0,0,0,0,0,0,sa3006658
Luis Alexander Basabe,White Sox,2,7,6,1,0,0,0,1,1,1,2,0,0,0,0.214,0.284,0.337,0.621,0.269,0,0,0,sa736915
Ryan McBroom,Royals,52,224,203,50,10,0,7,25,24,16,59,2,1,1,0.249,0.309,0.403,0.712,0.302,0.3,-0.3,0,16524
Justin Williams,Cardinals,2,7,6,2,0,0,0,1,1,0,2,0,0,0,0.247,0.301,0.396,0.697,0.296,0,0,0,15490
Humberto Arteaga,Royals,3,14,13,3,1,0,0,1,1,1,2,0,0,0,0.249,0.281,0.326,0.608,0.262,0.2,0,0,13595
Josh Ockimey,Red Sox,3,14,12,3,1,0,1,2,2,2,5,0,0,0,0.219,0.318,0.408,0.726,0.31,0,0,0,sa829375
Gordon Beckham,,2,7,6,1,0,0,0,1,1,1,2,0,0,0,0.227,0.29,0.356,0.646,0.279,0,0,0,9015
Edward Olivares,Padres,2,7,6,2,0,0,0,1,1,0,1,0,0,0,0.235,0.285,0.363,0.647,0.277,0,0,0,sa832015
Jose Trevino,Rangers,8,32,30,7,1,0,1,3,3,1,6,0,0,0,0.231,0.264,0.343,0.607,0.259,0.4,0,0,16725
Tyler Wade,Yankees,26,112,101,23,4,1,2,12,10,9,28,1,4,1,0.23,0.295,0.34,0.635,0.275,0,0.2,0,15730
Elliot Soto,,3,14,13,3,0,0,0,1,1,1,3,0,0,0,0.224,0.286,0.312,0.598,0.261,0,0,0,sa390666
Phil Gosselin,Phillies,2,7,6,2,0,0,0,1,1,1,2,0,0,0,0.24,0.303,0.354,0.657,0.284,0,0,0,10953
Travis Jankowski,Reds,2,7,6,1,0,0,0,1,0,1,2,0,0,0,0.24,0.32,0.313,0.633,0.282,0,0,0,13768
Kyle Garlick,Phillies,2,7,6,1,0,0,0,1,1,0,2,0,0,0,0.225,0.278,0.437,0.715,0.297,0,0,0,18063
Erick Mejia,Royals,10,42,38,9,2,0,0,4,3,3,9,0,1,1,0.238,0.292,0.33,0.622,0.27,0.2,0,0,15817
Tyrone Taylor,Brewers,3,14,13,3,1,0,0,1,2,1,3,0,0,0,0.23,0.283,0.385,0.668,0.284,0.1,0,0,13675
Daniel Palka,White Sox,6,28,25,6,1,0,1,3,4,3,9,0,0,0,0.222,0.296,0.424,0.72,0.302,-0.3,0,0,14897
Jacob Nottingham,Brewers,2,6,6,1,0,0,0,1,1,0,2,0,0,0,0.204,0.274,0.341,0.615,0.265,0,0,0,16448
Matt Thaiss,Angels,13,56,50,12,2,0,2,6,6,5,13,0,0,0,0.237,0.309,0.393,0.701,0.3,-0.1,-0.1,0,19318
Adrian Sanchez,Nationals,3,14,13,3,1,0,0,1,1,1,3,0,0,0,0.256,0.294,0.366,0.659,0.28,0,0,0,11338
Sam Haggerty,Mariners,2,7,6,1,0,0,0,1,0,1,2,0,0,0,0.203,0.288,0.298,0.586,0.26,0,0,0,18054
Elias Diaz,Rockies,16,64,59,16,3,0,1,7,7,4,11,0,0,0,0.28,0.329,0.404,0.733,0.314,-0.4,0,0,11680
Caleb Joseph,Blue Jays,5,19,18,4,1,0,0,2,2,1,5,0,0,0,0.212,0.255,0.331,0.586,0.251,0,0,0,7087
Josh Harrison,Phillies,44,137,125,31,6,1,3,15,13,7,26,3,3,1,0.245,0.297,0.374,0.671,0.287,-0.1,0.2,0,8202
Troy Stokes Jr.,Tigers,5,21,19,4,1,0,1,2,2,2,6,0,1,0,0.219,0.302,0.369,0.671,0.29,0,0,0,sa828871
Keon Broxton,Brewers,2,7,6,1,0,0,0,1,1,1,3,0,0,0,0.193,0.274,0.346,0.62,0.268,0,0,0,9253
Jacoby Ellsbury,,19,84,75,18,3,0,1,9,7,7,15,1,3,1,0.241,0.311,0.349,0.66,0.287,-0.7,0.2,0,4727
Chris Shaw,Giants,5,21,19,5,1,0,1,2,3,1,6,0,0,0,0.238,0.292,0.418,0.71,0.299,-0.2,0,0,17738
Charlie Tilson,Pirates,3,14,13,3,1,0,0,1,1,1,3,0,0,0,0.251,0.302,0.333,0.635,0.276,0,0,0,12983
Richard Urena,Orioles,3,14,13,3,1,0,0,1,1,1,3,0,0,0,0.235,0.273,0.348,0.621,0.265,0.1,0,0,16411
Eli White,Rangers,5,21,19,4,1,0,0,2,2,1,6,0,0,0,0.233,0.298,0.353,0.651,0.282,-0.1,0,0,sa738478
Patrick Wisdom,Mariners,15,63,57,12,2,0,3,7,7,5,22,1,1,0,0.208,0.277,0.386,0.663,0.281,0,0.1,0,13602
Jesus Sanchez,Marlins,3,14,13,3,1,0,0,1,1,1,3,0,0,0,0.238,0.287,0.368,0.655,0.28,0.1,0,0,sa872787
Nick Heath,Royals,3,14,13,3,0,0,0,1,1,1,5,0,1,0,0.215,0.282,0.311,0.592,0.26,0,0,0,sa918355
Juan Centeno,Red Sox,3,13,12,3,1,0,0,1,1,1,2,0,0,0,0.246,0.297,0.344,0.642,0.277,-0.1,0,0,7168
Harold Castro,Tigers,5,21,20,5,1,0,0,2,2,1,4,0,0,0,0.262,0.286,0.352,0.639,0.273,0,0,0,14691
Isiah Kiner-Falefa,Rangers,8,34,30,8,2,0,0,3,3,2,6,1,1,0,0.251,0.314,0.349,0.663,0.289,-0.2,0,0,16512
Joe McCarthy,Giants,3,14,12,3,1,0,0,1,1,1,4,0,0,0,0.214,0.303,0.347,0.65,0.284,0,0,0,sa858039
Rocky Gale,,3,13,12,3,0,0,0,1,1,1,3,0,0,0,0.22,0.256,0.298,0.554,0.24,0.1,0,0,10533
Greg Allen,Indians,47,203,182,44,8,2,3,23,18,12,44,6,8,3,0.243,0.309,0.357,0.665,0.288,1,0.3,0,16623
Jorge Mateo,Athletics,10,42,39,9,2,1,1,4,4,2,12,0,2,1,0.227,0.265,0.367,0.632,0.267,0,0,0,sa657910
Sergio Alcantara,Tigers,5,21,19,4,1,0,0,2,1,2,4,0,0,0,0.233,0.295,0.293,0.588,0.261,0.1,0,0,sa739641
Jose Siri,Mariners,3,14,13,3,0,0,0,1,1,1,5,0,1,0,0.2,0.252,0.331,0.582,0.249,0,0,0,sa736940
Matt Kemp,Marlins,3,14,13,3,1,0,1,1,2,1,3,0,0,0,0.251,0.295,0.43,0.725,0.302,-0.3,0,0,5631
Ronnie Dawson,Astros,3,14,13,3,0,0,0,1,1,1,5,0,0,0,0.2,0.269,0.334,0.604,0.261,-0.1,0,0,sa873674
Corey Ray,Brewers,2,7,6,1,0,0,0,1,1,1,3,0,0,0,0.199,0.266,0.354,0.619,0.264,0,0,0,sa738510
Andrew Stevenson,Nationals,3,14,13,3,1,0,0,1,1,1,4,0,0,0,0.248,0.302,0.349,0.651,0.281,-0.1,0,0,17932
Mickey Moniak,Phillies,3,14,13,3,1,0,0,1,1,1,4,0,0,0,0.228,0.27,0.362,0.632,0.268,-0.1,0,0,sa917920
Andrew Knapp,Phillies,23,90,78,17,4,0,2,9,7,10,29,1,0,0,0.214,0.307,0.337,0.645,0.28,-1,0.1,0,14942
C.J. Chatham,Red Sox,16,70,66,17,3,0,1,7,6,3,15,0,1,0,0.263,0.294,0.358,0.652,0.279,0,0,0,sa873984
Drew Robinson,,3,14,12,2,1,0,0,1,1,1,5,0,0,0,0.201,0.289,0.346,0.634,0.275,0,0,0,11761
Brendan McKay,Rays,3,14,12,3,0,0,0,1,1,1,4,0,0,0,0.208,0.291,0.355,0.646,0.28,0,0,0,20186
Charlie Culberson,Braves,21,71,66,16,3,0,2,7,8,4,18,1,1,0,0.239,0.284,0.383,0.667,0.282,0.2,0,0,3298
Miguel Cabrera,Tigers,138,595,532,144,26,0,16,56,70,54,118,3,0,0,0.27,0.338,0.409,0.747,0.318,0,-3.6,0,1744
Steve Wilkerson,,6,28,26,6,1,0,1,3,3,2,8,0,0,0,0.229,0.284,0.349,0.633,0.273,0,0,0,16041
Richie Martin Jr.,Orioles,15,63,57,13,2,1,1,6,5,4,15,1,2,1,0.225,0.281,0.341,0.623,0.269,0,0,0,17736
Evan White,Mariners,130,560,515,124,20,2,19,62,64,36,139,4,3,1,0.24,0.293,0.4,0.692,0.293,1.2,0.2,0,sa915774
Kevin Kramer,Pirates,24,85,77,18,4,0,2,8,9,6,23,1,1,1,0.236,0.299,0.369,0.667,0.286,0,-0.1,0,17689
Arquimedes Gamboa,Phillies,3,14,12,2,0,0,0,1,1,1,4,0,0,0,0.185,0.268,0.269,0.537,0.241,0,0,0,sa877497
Blake Swihart,Rangers,3,14,13,3,0,0,0,2,1,1,4,0,0,0,0.211,0.282,0.339,0.622,0.27,0,0,0,13176
Steve Pearce,,18,77,68,15,3,0,2,9,9,7,20,1,0,0,0.228,0.308,0.39,0.698,0.3,-0.2,-0.1,0,9957
Sam Travis,Rangers,10,42,38,10,2,0,1,5,4,3,10,0,0,0,0.259,0.321,0.399,0.72,0.308,0,0,-0.1,16263
Hanley Ramirez,,32,140,125,30,5,0,6,16,19,13,33,2,1,1,0.237,0.313,0.426,0.74,0.312,-0.3,-0.5,-0.1,8001
Braden Bishop,Mariners,28,119,108,24,5,0,2,12,10,8,29,1,1,1,0.223,0.286,0.325,0.611,0.267,1,0,-0.1,17806
Chris Owings,,16,50,46,11,3,0,1,5,6,3,14,0,1,1,0.249,0.299,0.402,0.701,0.296,0,0.1,-0.1,10030
Monte Harrison,Marlins,32,140,127,28,5,1,4,14,13,10,47,2,6,2,0.217,0.283,0.356,0.639,0.276,0,0.4,-0.1,sa828691
Kyle Lewis,Mariners,109,469,429,99,20,1,14,47,50,33,142,2,2,1,0.23,0.287,0.381,0.668,0.284,0.7,0.1,-0.1,19508
Michael Hermosillo,Angels,19,84,75,16,3,1,2,9,9,6,26,2,2,1,0.213,0.288,0.361,0.648,0.28,-0.1,-0.1,-0.1,16285
Carlos Gonzalez,,47,203,183,41,9,0,6,23,21,17,55,1,1,1,0.226,0.293,0.383,0.676,0.287,-0.3,-0.2,-0.1,7287
Seth Brown,Athletics,24,105,96,22,5,1,3,12,12,7,31,1,1,0,0.227,0.281,0.392,0.673,0.284,0,0,-0.1,18171
Jon Jay,Diamondbacks,37,121,110,29,5,1,1,13,9,7,22,3,1,0,0.268,0.322,0.348,0.67,0.292,-0.2,0,-0.1,5227
Mark Trumbo,,36,154,142,34,6,0,8,18,22,11,41,1,0,0,0.237,0.291,0.449,0.74,0.31,-0.7,-0.2,-0.1,6876
Mark Reynolds,,23,98,86,19,4,0,4,11,13,10,31,1,1,0,0.221,0.306,0.4,0.706,0.302,-0.1,-0.2,-0.1,7619
Anthony Alford,Blue Jays,31,133,120,26,6,0,3,14,12,10,42,2,6,2,0.216,0.284,0.337,0.621,0.27,-0.1,0.2,-0.1,14329
Melky Cabrera,,55,238,221,62,13,1,5,26,28,13,29,1,1,1,0.278,0.319,0.414,0.733,0.31,-1.5,-0.7,-0.1,4022
Lucas Duda,,26,112,99,22,5,0,5,12,16,10,33,2,0,0,0.219,0.298,0.418,0.716,0.3,-0.1,-0.3,-0.1,2502
Ian Desmond,Rockies,97,300,273,71,13,2,11,38,40,22,73,3,5,2,0.26,0.318,0.443,0.76,0.32,-2,0.1,-0.1,6885
Adolis Garcia,Rangers,29,126,117,27,6,1,5,15,17,5,38,2,3,2,0.233,0.274,0.429,0.703,0.293,0.1,-0.1,-0.2,19287
Josh Fuentes,Rockies,37,121,113,29,6,1,3,14,14,5,31,1,1,1,0.259,0.295,0.422,0.718,0.301,0.6,-0.1,-0.2,16885
Bubba Starling,Royals,26,112,104,23,5,0,2,11,10,6,30,1,2,1,0.223,0.27,0.339,0.609,0.262,-0.1,0.1,-0.2,13356
Drew Butera,,31,122,109,26,6,1,3,13,13,10,29,1,1,0,0.238,0.307,0.375,0.682,0.293,-0.9,-0.1,-0.2,3411
Jonathan Arauz,Red Sox,26,112,103,23,5,1,2,11,11,7,23,1,1,1,0.223,0.276,0.352,0.629,0.27,-0.5,-0.2,-0.2,sa877498
Austin Jackson,,23,98,89,21,5,0,1,9,9,8,29,1,1,1,0.239,0.301,0.345,0.645,0.279,-1.4,-0.1,-0.3,9848
Erik Gonzalez,Pirates,66,227,212,51,10,2,4,22,20,10,61,1,4,2,0.242,0.279,0.363,0.641,0.27,-0.5,-0.1,-0.3,13369
Lewis Brinson,Marlins,52,224,204,44,8,2,6,21,23,14,67,3,4,2,0.215,0.275,0.358,0.632,0.27,-0.1,0.1,-0.3,14352
Magneuris Sierra,Marlins,50,157,147,36,5,2,1,14,12,7,29,1,6,3,0.246,0.283,0.333,0.616,0.265,-0.2,0.2,-0.3,17023
Albert Pujols,Angels,118,511,469,116,20,0,20,55,76,34,70,3,2,0,0.248,0.3,0.416,0.716,0.302,-2.1,-2.5,-0.3,1177
Sam Hilliard,Rockies,79,343,312,76,13,3,13,41,42,26,109,2,11,6,0.243,0.303,0.428,0.731,0.308,-0.4,-0.1,-0.4,17954
Jeff Mathis,Rangers,58,230,211,42,9,0,3,18,16,16,78,1,1,0,0.197,0.255,0.279,0.534,0.233,1.3,-0.4,-0.5,3448
Chris Davis,Orioles,66,287,251,48,8,0,12,30,34,30,110,3,1,0,0.192,0.283,0.367,0.65,0.279,-0.2,-0.1,-0.6,9272
